,,,,,,,,,,,,当前装备,,对比装备,,,,,,,,,,,,,,,,,,,,,,,,,,,,,,,,,,,,,,,,,,,,,,,,,,,,,,,,,,,,,,,,,,,,,,,,,,,,,,,,,,,,,,,,,,,,,,,,,,,,,,,,,,
,释放奇术时主属性,牵丝,<--下拉菜单,武学常驻属性,通用增伤,蓄力增伤,断石之构,易水歌,,,劲,,,,,0.00%,,,,,,,,,,,,,,,,,,,,,,,,,,,,,,,,,,,,,,,,,,,,,,,,,,,,,,,,,,,,,,,,,,,,,,,,,,,,,,,,,,,,,,,,,,,,,,,,,,,,,,,,
,,,,150.7,30.30%,0.00%,√,√,,,敏,,,,,,,,,,,,,,,,,,,,,,,,,,,,,,,,,,,,,,,,,,,,,,,,,,,,,,,,,,,,,,,,,,,,,,,,,,,,,,,,,,,,,,,,,,,,,,,,,,,,,,,,,,,,,
,最小外功攻击,最大外功攻击,外功穿透,外攻伤害加成,,套装,幻鸣,天工,玉鳞脍,,势,,,,,,,,,,,,,,,,,,,,,,,,,,,,,,,,,,,,,,,,,,,,,,,,,,,,,,,,,,,,,,,,,,,,,,,,,,,,,,,,,,,,,,,,,,,,,,,,,,,,,,,,,,,,,
,3238,2606.6,63.5,0.0%,,烟柳,×,火,√,,最小外功,,,,,当前装备的敏,,,,,,,,,,,,,,,,,,,,,,,,,,,,,,,,,,,,,,,,,,,,,,,,,,,,,,,,,,,,,,,,,,,,,,,,,,,,,,,,,,,,,,,,,,,,,,,,,,,,,,,,
,最小鸣金攻击,最大鸣金攻击,鸣金穿透,鸣金伤害加成,目标,,,,,,最大外功,,,,,756.4,,,,,,,,,,,,,,,,,,,,,,,,,,,,,,,,,,,,,,,,,,,,,,,,,,,,,,,,,,,,,,,,,,,,,,,,,,,,,,,,,,,,,,,,,,,,,,,,,,,,,,,,
,,,,0.0%,笃山衔蝉,<-下拉菜单,,,,,最小无相,,,,,,,,,,,,,,,,,,,,,,,,,,,,,,,,,,,,,,,,,,,,,,,,,,,,,,,,,,,,,,,,,,,,,,,,,,,,,,,,,,,,,,,,,,,,,,,,,,,,,,,,,,,,,
,最小裂石攻击,最大裂石攻击,裂石穿透,裂石伤害加成,目标防御,"花上易水纵地断石,牵丝武库。",,,,,最大无相,,,,,,,,,,,,,,,,,,,,,,,,,,,,,,,,,,,,,,,,,,,,,,,,,,,,,,,,,,,,,,,,,,,,,,,,,,,,,,,,,,,,,,,,,,,,,,,,,,,,,,,,,,,,,
,,,,0.0%,559,,,,,,精准,,,,,,,,,,,,,,,,,,,,,,,,,,,,,,,,,,,,,,,,,,,,,,,,,,,,,,,,,,,,,,,,,,,,,,,,,,,,,,,,,,,,,,,,,,,,,,,,,,,,,,,,,,,,,
,最小牵丝攻击,最大牵丝攻击,牵丝穿透,牵丝伤害加成,判定抗性,,,,,,会心,,,,,,,,,,,,,,,,,,,,,,,,,,,,,,,,,,,,,,,,,,,,,,,,,,,,,,,,,,,,,,,,,,,,,,,,,,,,,,,,,,,,,,,,,,,,,,,,,,,,,,,,,,,,,
,490.8,1221.8,29.6,14.8%,2.15,,,,,,会意,,,,,,,,,,,,,,,,,,,,,,,,,,,,,,,,,,,,,,,,,,,,,,,,,,,,,,,,,,,,,,,,,,,,,,,,,,,,,,,,,,,,,,,,,,,,,,,,,,,,,,,,,,,,,
,最小破竹攻击,最大破竹攻击,破竹穿透,破竹伤害加成,,,,,,,最小鸣金,,,,,,,,,,,,,,,,,,,,,,,,,,,,,,,,,,,,,,,,,,,,,,,,,,,,,,,,,,,,,,,,,,,,,,,,,,,,,,,,,,,,,,,,,,,,,,,,,,,,,,,,,,,,,
,,,,0.0%,,,,,,,最大鸣金,,,,,,,,,,,,,,,,,,,,,,,,,,,,,,,,,,,,,,,,,,,,,,,,,,,,,,,,,,,,,,,,,,,,,,,,,,,,,,,,,,,,,,,,,,,,,,,,,,,,,,,,,,,,,
,最小无相攻击,最大无相攻击,无相穿透,固伤加成,,龙攻击期望,,,,,最小裂石,,,,,,,,,,,,,,,,,,,,,,,,,,,,,,,,,,,,,,,,,,,,,,,,,,,,,,,,,,,,,,,,,,,,,,,,,,,,,,,,,,,,,,,,,,,,,,,,,,,,,,,,,,,,,
,66,185.6,,30.00%,,50%,<<<默认50%,,,,最大裂石,,,,,,,,,,,,,,,,,,,,,,,,,,,,,,,,,,,,,,,,,,,,,,,,,,,,,,,,,,,,,,,,,,,,,,,,,,,,,,,,,,,,,,,,,,,,,,,,,,,,,,,,,,,,,
括号内->,精准率,100.86%,会心伤害加成,64.40%,,,,,,,最小牵丝,,,,,,,,,,,,,,,,,,,,,,,,,,,,,,,,,,,,,,,,,,,,,,,,,,,,,,,,,,,,,,,,,,,,,,,,,,,,,,,,,,,,,,,,,,,,,,,,,,,,,,,,,,,,,
,会心率,78.33%,会意伤害加成,35.00%,,,,,,,最大牵丝,,,,,,,,,,,,,,,,,,,,,,,,,,,,,,,,,,,,,,,,,,,,,,,,,,,,,,,,,,,,,,,,,,,,,,,,,,,,,,,,,,,,,,,,,,,,,,,,,,,,,,,,,,,,,
,会意率,9.86%,首领增伤,8.8%,沧海帖,行藏帖,,,,,最小破竹,,,,,,,,,,,,,,,,,,,,,,,,,,,,,,,,,,,,,,,,,,,,,,,,,,,,,,,,,,,,,,,,,,,,,,,,,,,,,,,,,,,,,,,,,,,,,,,,,,,,,,,,,,,,,
,直接会心率,8.7%,,,√,×,,,,,最大破竹,,,,,,,,,,,,,,,,,,,,,,,,,,,,,,,,,,,,,,,,,,,,,,,,,,,,,,,,,,,,,,,,,,,,,,,,,,,,,,,,,,,,,,,,,,,,,,,,,,,,,,,,,,,,,
,直接会意率,0.0%,,,相杀瘫痪,易伤层数,,,,,伞增,,,,,,,,,,,,,,,,,,,,,,,,,,,,,,,,,,,,,,,,,,,,,,,,,,,,,,,,,,,,,,,,,,,,,,,,,,,,,,,,,,,,,,,,,,,,,,,,,,,,,,,,,,,,,
,武器增伤,,,,√,8,,,,,全武增,,,,,,,,,,,,,,,,,,,,,,,,,,,,,,,,,,,,,,,,,,,,,,,,,,,,,,,,,,,,,,,,,,,,,,,,,,,,,,,,,,,,,,,,,,,,,,,,,,,,,,,,,,,,,
,伞,8.6%,,,,,,,,,首领增,,,,,,,,,,,,,,,,,,,,,,,,,,,,,,,,,,,,,,,,,,,,,,,,,,,,,,,,,,,,,,,,,,,,,,,,,,,,,,,,,,,,,,,,,,,,,,,,,,,,,,,,,,,,,
,扇,0.0%,定音,32.0%,,,,,,,外功穿透,,,,,,,,,,,,,,,,,,,,,,,,,,,,,,,,,,,,,,,,,,,,,,,,,,,,,,,,,,,,,,,,,,,,,,,,,,,,,,,,,,,,,,,,,,,,,,,,,,,,,,,,,,,,,
,全武器增伤,8.4%,,,,,,,,,单体奇术,,,,,,,,,,,,,,,,,,,,,,,,,,,,,,,,,,,,,,,,,,,,,,,,,,,,,,,,,,,,,,,,,,,,,,,,,,,,,,,,,,,,,,,,,,,,,,,,,,,,,,,,,,,,,
,单体奇术,0.0%,,,,,,,,,群体奇术,,,,,,,,,,,,,,,,,,,,,,,,,,,,,,,,,,,,,,,,,,,,,,,,,,,,,,,,,,,,,,,,,,,,,,,,,,,,,,,,,,,,,,,,,,,,,,,,,,,,,,,,,,,,,
,群体奇术,0.0%,,,,,,,,,定音,,,,,,,,,,,,,,,,,,,,,,,,,,,,,,,,,,,,,,,,,,,,,,,,,,,,,,,,,,,,,,,,,,,,,,,,,,,,,,,,,,,,,,,,,,,,,,,,,,,,,,,,,,,,,
,N/A,0.0%,,,,,,,,,,,,,,,,,,,,,,,,,,,,,,,,,,,,,,,,,,,,,,,,,,,,,,,,,,,,,,,,,,,,,,,,,,,,,,,,,,,,,,,,,,,,,,,,,,,,,,,,,,,,,,,,,,,,,,
,用时,76.00,,总期望,,,,,,,,,,,,外功,,,,,,,,,,,,,,,固伤,,,,,,,,,,,,,,,鸣金,,,,,,,,,,,,,,,裂石,,,,,,,,,,,,,,,牵丝,,,,,,,,,,,,,,,破竹,,,,,,,,,,,,,,,无相,,,,,,,,,,,,,,
,,,,,次数,定音增伤,期望伤害,占比,增伤,补正,生效会心,生效会意,生效精准,武器类型,生效增伤,最小,平均,最大,穿透增伤,伤害加成,倍率,擦伤伤害,擦伤占比,会心伤害,会心占比,会意伤害,会意占比,普攻伤害,普攻占比,平均伤害,最小,平均,最大,穿透增伤,伤害加成,倍率,擦伤伤害,擦伤占比,会心伤害,会心占比,会意伤害,会意占比,普攻伤害,普攻占比,平均伤害,最小,平均,最大,穿透增伤,伤害加成,倍率,擦伤伤害,擦伤占比,会心伤害,会心占比,会意伤害,会意占比,普攻伤害,普攻占比,平均伤害,最小,平均,最大,穿透增伤,伤害加成,倍率,擦伤伤害,擦伤占比,会心伤害,会心占比,会意伤害,会意占比,普攻伤害,普攻占比,平均伤害,最小,平均,最大,穿透增伤,伤害加成,倍率,擦伤伤害,擦伤占比,会心伤害,会心占比,会意伤害,会意占比,普攻伤害,普攻占比,平均伤害,最小,平均,最大,穿透增伤,伤害加成,倍率,擦伤伤害,擦伤占比,会心伤害,会心占比,会意伤害,会意占比,普攻伤害,普攻占比,平均伤害,最小,平均,最大,穿透增伤,伤害加成,倍率,擦伤伤害,擦伤占比,会心伤害,会心占比,会意伤害,会意占比,普攻伤害,普攻占比,平均伤害
,总伤,8676792.76,,伞Q(小纵无滞骨),1,,49906.27,0.58%,52.30%,1,87.03%,9.86%,100.00%,伞,17.00%,3081.85,3161.85,3241.85,29.25%,10.0%,1,10251.68,0.00%,21077.66,87.03%,14558.28,9.86%,10517.79,3.11%,20106.44,842.40,842.40,842.40,29.25%,10.0%,1,1197.68,0.00%,2400.16,87.03%,1616.87,9.86%,1197.68,3.11%,2285.53,0,0,0,-24.00%,0.0%,1,0.00,0.00%,0.00,87.03%,0.00,9.86%,0.00,3.11%,0.00,0,0,0,-24.00%,0.0%,1,0.00,0.00%,0.00,87.03%,0.00,9.86%,0.00,3.11%,0.00,686.71,1052.21,1417.71,2.80%,24.8%,1,3091.91,0.00%,9494.08,87.03%,8617.36,9.86%,4737.57,3.11%,9259.71,0,0,0,-24.00%,0.0%,1,0.00,0.00%,0.00,87.03%,0.00,9.86%,0.00,3.11%,0.00,66,125.8,185.6,2.80%,24.8%,1,297.16,0.00%,1135.09,87.03%,1128.14,9.86%,566.41,3.11%,1116.72
,,,,丢伞(小纵无滞骨),1,,8569.35,0.10%,52.30%,1,87.03%,9.86%,100.00%,伞,17.00%,3081.85,3161.85,3241.85,26.75%,0.0%,1,2105.47,0.00%,3551.24,87.03%,2989.95,9.86%,2160.12,3.11%,3452.63,161.86,161.86,161.86,26.75%,0.0%,1,205.16,0.00%,337.28,87.03%,276.97,9.86%,205.16,3.11%,327.23,0,0,0,-24.00%,0.0%,1,0.00,0.00%,0.00,87.03%,0.00,9.86%,0.00,3.11%,0.00,0,0,0,-24.00%,0.0%,1,0.00,0.00%,0.00,87.03%,0.00,9.86%,0.00,3.11%,0.00,686.71,1052.21,1417.71,2.80%,14.8%,1,655.22,0.00%,1650.51,87.03%,1826.15,9.86%,1003.96,3.11%,1647.72,0,0,0,-24.00%,0.0%,1,0.00,0.00%,0.00,87.03%,0.00,9.86%,0.00,3.11%,0.00,66,125.8,185.6,2.80%,14.8%,1,62.97,0.00%,197.33,87.03%,239.07,9.86%,120.03,3.11%,199.04
,,,,扇～(小纵),1,,19593.25,0.23%,46.70%,1,87.03%,9.86%,100.00%,扇,8.40%,3081.85,3161.85,3241.85,26.75%,0.0%,1,4997.26,0.00%,8428.76,87.03%,7096.55,9.86%,5126.98,3.11%,8194.71,384.80,384.80,384.80,26.75%,0.0%,1,487.73,0.00%,801.83,87.03%,658.44,9.86%,487.73,3.11%,777.93,0,0,0,-24.00%,0.0%,1,0.00,0.00%,0.00,87.03%,0.00,9.86%,0.00,3.11%,0.00,0,0,0,-24.00%,0.0%,1,0.00,0.00%,0.00,87.03%,0.00,9.86%,0.00,3.11%,0.00,686.71,1052.21,1417.71,2.80%,14.8%,1,1555.19,0.00%,3917.55,87.03%,4334.42,9.86%,2382.94,3.11%,3910.92,0,0,0,-24.00%,0.0%,1,0.00,0.00%,0.00,87.03%,0.00,9.86%,0.00,3.11%,0.00,66,125.8,185.6,2.80%,14.8%,1,149.47,0.00%,468.37,87.03%,567.44,9.86%,284.90,3.11%,472.44
,,,,扇Q(小纵),1,,14193.66,0.16%,46.70%,1,87.03%,9.86%,100.00%,扇,8.40%,3081.85,3161.85,3241.85,26.75%,0.0%,1,3619.53,0.00%,6104.97,87.03%,5140.05,9.86%,3713.48,3.11%,5935.45,279.50,279.50,279.50,26.75%,0.0%,1,354.27,0.00%,582.41,87.03%,478.26,9.86%,354.27,3.11%,565.05,0,0,0,-24.00%,0.0%,1,0.00,0.00%,0.00,87.03%,0.00,9.86%,0.00,3.11%,0.00,0,0,0,-24.00%,0.0%,1,0.00,0.00%,0.00,87.03%,0.00,9.86%,0.00,3.11%,0.00,686.71,1052.21,1417.71,2.80%,14.8%,1,1126.40,0.00%,2837.41,87.03%,3139.35,9.86%,1725.92,3.11%,2832.62,0,0,0,-24.00%,0.0%,1,0.00,0.00%,0.00,87.03%,0.00,9.86%,0.00,3.11%,0.00,66,125.8,185.6,2.80%,14.8%,1,108.26,0.00%,339.24,87.03%,410.99,9.86%,206.35,3.11%,342.18
,,,,扇普通重击派生(风墙小纵),1,,39185.81,0.45%,56.70%,1,87.03%,9.86%,100.00%,扇,8.40%,3081.85,3161.85,3241.85,26.75%,10.0%,1,7774.37,0.00%,15984.26,87.03%,11040.29,9.86%,7976.18,3.11%,15247.74,652.21,652.21,652.21,26.75%,10.0%,1,909.34,0.00%,1822.32,87.03%,1227.61,9.86%,909.34,3.11%,1735.29,0,0,0,-24.00%,0.0%,1,0.00,0.00%,0.00,87.03%,0.00,9.86%,0.00,3.11%,0.00,0,0,0,-24.00%,0.0%,1,0.00,0.00%,0.00,87.03%,0.00,9.86%,0.00,3.11%,0.00,686.71,1052.21,1417.71,2.80%,24.8%,1,2390.90,0.00%,7341.57,87.03%,6663.62,9.86%,3663.46,3.11%,7160.33,0,0,0,-24.00%,0.0%,1,0.00,0.00%,0.00,87.03%,0.00,9.86%,0.00,3.11%,0.00,66,125.8,185.6,2.80%,24.8%,1,229.79,0.00%,877.74,87.03%,872.37,9.86%,438.00,3.11%,863.54
,DPS,114168.33,,扇左蓄(风墙3惊春小纵),1,,75681.32,0.87%,95.70%,1,87.03%,9.86%,100.00%,扇,8.40%,3081.85,3161.85,3241.85,29.25%,10.0%,1,12099.32,0.00%,24876.45,87.03%,17182.09,9.86%,12413.40,3.11%,23730.18,993.40,993.40,993.40,29.25%,10.0%,1,1412.36,0.00%,2830.37,87.03%,1906.69,9.86%,1412.36,3.11%,2695.19,0,0,0,-24.00%,0.0%,1,0.00,0.00%,0.00,87.03%,0.00,9.86%,0.00,3.11%,0.00,0,0,0,-24.00%,0.0%,1,0.00,0.00%,0.00,87.03%,0.00,9.86%,0.00,3.11%,0.00,686.71,1052.21,1417.71,2.80%,24.8%,1,3649.21,0.00%,11205.35,87.03%,10170.59,9.86%,5591.49,3.11%,10928.73,0,0,0,-24.00%,0.0%,1,0.00,0.00%,0.00,87.03%,0.00,9.86%,0.00,3.11%,0.00,66,125.8,185.6,2.80%,24.8%,1,350.73,0.00%,1339.69,87.03%,1331.49,9.86%,668.51,3.11%,1318.01
,,,,伞～(连中小纵无滞骨),0.5,32.0%,18708.51,0.22%,72.30%,1,87.03%,9.86%,100.00%,伞,17.00%,3081.85,3161.85,3241.85,29.25%,10.0%,1,5148.21,0.00%,10584.82,87.03%,7310.91,9.86%,5281.85,3.11%,10097.09,421.59,421.59,421.59,29.25%,10.0%,1,599.40,0.00%,1201.19,87.03%,809.18,9.86%,599.40,3.11%,1143.82,0,0,0,-24.00%,0.0%,1,0.00,0.00%,0.00,87.03%,0.00,9.86%,0.00,3.11%,0.00,0,0,0,-24.00%,0.0%,1,0.00,0.00%,0.00,87.03%,0.00,9.86%,0.00,3.11%,0.00,686.71,1052.21,1417.71,2.80%,24.8%,1,1552.67,0.00%,4767.67,87.03%,4327.40,9.86%,2379.08,3.11%,4649.97,0,0,0,-24.00%,0.0%,1,0.00,0.00%,0.00,87.03%,0.00,9.86%,0.00,3.11%,0.00,66,125.8,185.6,2.80%,24.8%,1,149.23,0.00%,570.01,87.03%,566.52,9.86%,284.44,3.11%,560.79
,,,,伞～(连中小纵),1,32.0%,38068.51,0.44%,75.30%,1,87.03%,9.86%,100.00%,伞,17.00%,3081.85,3161.85,3241.85,29.25%,10.0%,1,5148.21,0.00%,10584.82,87.03%,7310.91,9.86%,5281.85,3.11%,10097.09,421.59,421.59,421.59,29.25%,10.0%,1,599.40,0.00%,1201.19,87.03%,809.18,9.86%,599.40,3.11%,1143.82,0,0,0,-24.00%,0.0%,1,0.00,0.00%,0.00,87.03%,0.00,9.86%,0.00,3.11%,0.00,0,0,0,-24.00%,0.0%,1,0.00,0.00%,0.00,87.03%,0.00,9.86%,0.00,3.11%,0.00,686.71,1052.21,1417.71,2.80%,24.8%,1,1552.67,0.00%,4767.67,87.03%,4327.40,9.86%,2379.08,3.11%,4649.97,0,0,0,-24.00%,0.0%,1,0.00,0.00%,0.00,87.03%,0.00,9.86%,0.00,3.11%,0.00,66,125.8,185.6,2.80%,24.8%,1,149.23,0.00%,570.01,87.03%,566.52,9.86%,284.44,3.11%,560.79
,,,,伞～(连中风墙小纵),8.5,32.0%,397417.43,4.58%,115.30%,1,87.03%,9.86%,100.00%,伞,17.00%,3081.85,3161.85,3241.85,29.25%,10.0%,1,5148.21,0.00%,10584.82,87.03%,7310.91,9.86%,5281.85,3.11%,10097.09,421.59,421.59,421.59,29.25%,10.0%,1,599.40,0.00%,1201.19,87.03%,809.18,9.86%,599.40,3.11%,1143.82,0,0,0,-24.00%,0.0%,1,0.00,0.00%,0.00,87.03%,0.00,9.86%,0.00,3.11%,0.00,0,0,0,-24.00%,0.0%,1,0.00,0.00%,0.00,87.03%,0.00,9.86%,0.00,3.11%,0.00,686.71,1052.21,1417.71,2.80%,24.8%,1,1552.67,0.00%,4767.67,87.03%,4327.40,9.86%,2379.08,3.11%,4649.97,0,0,0,-24.00%,0.0%,1,0.00,0.00%,0.00,87.03%,0.00,9.86%,0.00,3.11%,0.00,66,125.8,185.6,2.80%,24.8%,1,149.23,0.00%,570.01,87.03%,566.52,9.86%,284.44,3.11%,560.79
,,,,伞Q(连中风墙小纵),1,,70550.36,0.81%,115.30%,1,87.03%,9.86%,100.00%,伞,17.00%,3081.85,3161.85,3241.85,29.25%,10.0%,1,10251.68,0.00%,21077.66,87.03%,14558.28,9.86%,10517.79,3.11%,20106.44,842.40,842.40,842.40,29.25%,10.0%,1,1197.68,0.00%,2400.16,87.03%,1616.87,9.86%,1197.68,3.11%,2285.53,0,0,0,-24.00%,0.0%,1,0.00,0.00%,0.00,87.03%,0.00,9.86%,0.00,3.11%,0.00,0,0,0,-24.00%,0.0%,1,0.00,0.00%,0.00,87.03%,0.00,9.86%,0.00,3.11%,0.00,686.71,1052.21,1417.71,2.80%,24.8%,1,3091.91,0.00%,9494.08,87.03%,8617.36,9.86%,4737.57,3.11%,9259.71,0,0,0,-24.00%,0.0%,1,0.00,0.00%,0.00,87.03%,0.00,9.86%,0.00,3.11%,0.00,66,125.8,185.6,2.80%,24.8%,1,297.16,0.00%,1135.09,87.03%,1128.14,9.86%,566.41,3.11%,1116.72
,100本属性毕业率,100.00%,,伞重击派生(小纵),1,,32525.14,0.37%,67.30%,1,87.03%,9.86%,100.00%,伞,17.00%,3081.85,3161.85,3241.85,26.75%,10.0%,1,7302.53,0.00%,12317.00,87.03%,10370.23,9.86%,7492.09,3.11%,11974.99,510.90,510.90,510.90,26.75%,10.0%,1,712.32,0.00%,1171.06,87.03%,961.64,9.86%,712.32,3.11%,1136.14,0,0,0,-24.00%,0.0%,1,0.00,0.00%,0.00,87.03%,0.00,9.86%,0.00,3.11%,0.00,0,0,0,-24.00%,0.0%,1,0.00,0.00%,0.00,87.03%,0.00,9.86%,0.00,3.11%,0.00,686.71,1052.21,1417.71,2.80%,24.8%,1,2245.87,0.00%,5657.39,87.03%,6259.40,9.86%,3441.23,3.11%,5647.82,0,0,0,-24.00%,0.0%,1,0.00,0.00%,0.00,87.03%,0.00,9.86%,0.00,3.11%,0.00,66,125.8,185.6,2.80%,24.8%,1,215.85,0.00%,676.39,87.03%,819.45,9.86%,411.43,3.11%,682.25
,,,,丢伞(小纵),1,,8738.15,0.10%,55.30%,1,87.03%,9.86%,100.00%,伞,17.00%,3081.85,3161.85,3241.85,26.75%,0.0%,1,2105.47,0.00%,3551.24,87.03%,2989.95,9.86%,2160.12,3.11%,3452.63,161.86,161.86,161.86,26.75%,0.0%,1,205.16,0.00%,337.28,87.03%,276.97,9.86%,205.16,3.11%,327.23,0,0,0,-24.00%,0.0%,1,0.00,0.00%,0.00,87.03%,0.00,9.86%,0.00,3.11%,0.00,0,0,0,-24.00%,0.0%,1,0.00,0.00%,0.00,87.03%,0.00,9.86%,0.00,3.11%,0.00,686.71,1052.21,1417.71,2.80%,14.8%,1,655.22,0.00%,1650.51,87.03%,1826.15,9.86%,1003.96,3.11%,1647.72,0,0,0,-24.00%,0.0%,1,0.00,0.00%,0.00,87.03%,0.00,9.86%,0.00,3.11%,0.00,66,125.8,185.6,2.80%,14.8%,1,62.97,0.00%,197.33,87.03%,239.07,9.86%,120.03,3.11%,199.04
,,,,扇左蓄(风墙3惊春小纵),1,,75681.32,0.87%,95.70%,1,87.03%,9.86%,100.00%,扇,8.40%,3081.85,3161.85,3241.85,29.25%,10.0%,1,12099.32,0.00%,24876.45,87.03%,17182.09,9.86%,12413.40,3.11%,23730.18,993.40,993.40,993.40,29.25%,10.0%,1,1412.36,0.00%,2830.37,87.03%,1906.69,9.86%,1412.36,3.11%,2695.19,0,0,0,-24.00%,0.0%,1,0.00,0.00%,0.00,87.03%,0.00,9.86%,0.00,3.11%,0.00,0,0,0,-24.00%,0.0%,1,0.00,0.00%,0.00,87.03%,0.00,9.86%,0.00,3.11%,0.00,686.71,1052.21,1417.71,2.80%,24.8%,1,3649.21,0.00%,11205.35,87.03%,10170.59,9.86%,5591.49,3.11%,10928.73,0,0,0,-24.00%,0.0%,1,0.00,0.00%,0.00,87.03%,0.00,9.86%,0.00,3.11%,0.00,66,125.8,185.6,2.80%,24.8%,1,350.73,0.00%,1339.69,87.03%,1331.49,9.86%,668.51,3.11%,1318.01
,,,,扇普通重击派生(风墙小纵),1,,39185.81,0.45%,56.70%,1,87.03%,9.86%,100.00%,扇,8.40%,3081.85,3161.85,3241.85,26.75%,10.0%,1,7774.37,0.00%,15984.26,87.03%,11040.29,9.86%,7976.18,3.11%,15247.74,652.21,652.21,652.21,26.75%,10.0%,1,909.34,0.00%,1822.32,87.03%,1227.61,9.86%,909.34,3.11%,1735.29,0,0,0,-24.00%,0.0%,1,0.00,0.00%,0.00,87.03%,0.00,9.86%,0.00,3.11%,0.00,0,0,0,-24.00%,0.0%,1,0.00,0.00%,0.00,87.03%,0.00,9.86%,0.00,3.11%,0.00,686.71,1052.21,1417.71,2.80%,24.8%,1,2390.90,0.00%,7341.57,87.03%,6663.62,9.86%,3663.46,3.11%,7160.33,0,0,0,-24.00%,0.0%,1,0.00,0.00%,0.00,87.03%,0.00,9.86%,0.00,3.11%,0.00,66,125.8,185.6,2.80%,24.8%,1,229.79,0.00%,877.74,87.03%,872.37,9.86%,438.00,3.11%,863.54
,,,,扇左蓄(风墙5惊春小纵),1,,78775.09,0.91%,103.70%,1,87.03%,9.86%,100.00%,扇,8.40%,3081.85,3161.85,3241.85,29.25%,10.0%,1,12099.32,0.00%,24876.45,87.03%,17182.09,9.86%,12413.40,3.11%,23730.18,993.40,993.40,993.40,29.25%,10.0%,1,1412.36,0.00%,2830.37,87.03%,1906.69,9.86%,1412.36,3.11%,2695.19,0,0,0,-24.00%,0.0%,1,0.00,0.00%,0.00,87.03%,0.00,9.86%,0.00,3.11%,0.00,0,0,0,-24.00%,0.0%,1,0.00,0.00%,0.00,87.03%,0.00,9.86%,0.00,3.11%,0.00,686.71,1052.21,1417.71,2.80%,24.8%,1,3649.21,0.00%,11205.35,87.03%,10170.59,9.86%,5591.49,3.11%,10928.73,0,0,0,-24.00%,0.0%,1,0.00,0.00%,0.00,87.03%,0.00,9.86%,0.00,3.11%,0.00,66,125.8,185.6,2.80%,24.8%,1,350.73,0.00%,1339.69,87.03%,1331.49,9.86%,668.51,3.11%,1318.01
,气竭前伤害,,,伞～(连中风墙小纵),10,32.0%,467549.92,5.39%,115.30%,1,87.03%,9.86%,100.00%,伞,17.00%,3081.85,3161.85,3241.85,29.25%,10.0%,1,5148.21,0.00%,10584.82,87.03%,7310.91,9.86%,5281.85,3.11%,10097.09,421.59,421.59,421.59,29.25%,10.0%,1,599.40,0.00%,1201.19,87.03%,809.18,9.86%,599.40,3.11%,1143.82,0,0,0,-24.00%,0.0%,1,0.00,0.00%,0.00,87.03%,0.00,9.86%,0.00,3.11%,0.00,0,0,0,-24.00%,0.0%,1,0.00,0.00%,0.00,87.03%,0.00,9.86%,0.00,3.11%,0.00,686.71,1052.21,1417.71,2.80%,24.8%,1,1552.67,0.00%,4767.67,87.03%,4327.40,9.86%,2379.08,3.11%,4649.97,0,0,0,-24.00%,0.0%,1,0.00,0.00%,0.00,87.03%,0.00,9.86%,0.00,3.11%,0.00,66,125.8,185.6,2.80%,24.8%,1,149.23,0.00%,570.01,87.03%,566.52,9.86%,284.44,3.11%,560.79
,,,,伞Q(连中风墙大纵),1,,73869.38,0.85%,115.30%,1,87.03%,9.86%,100.00%,伞,17.00%,3324.7,3404.7,3484.7,29.25%,10.0%,1,11059.51,0.00%,22696.56,87.03%,15648.86,9.86%,11325.63,3.11%,21648.02,842.40,842.40,842.40,29.25%,10.0%,1,1197.68,0.00%,2400.16,87.03%,1616.87,9.86%,1197.68,3.11%,2285.53,0,0,0,-24.00%,0.0%,1,0.00,0.00%,0.00,87.03%,0.00,9.86%,0.00,3.11%,0.00,0,0,0,-24.00%,0.0%,1,0.00,0.00%,0.00,87.03%,0.00,9.86%,0.00,3.11%,0.00,686.71,1052.21,1417.71,2.80%,24.8%,1,3091.91,0.00%,9494.08,87.03%,8617.36,9.86%,4737.57,3.11%,9259.71,0,0,0,-24.00%,0.0%,1,0.00,0.00%,0.00,87.03%,0.00,9.86%,0.00,3.11%,0.00,66,125.8,185.6,2.80%,24.8%,1,297.16,0.00%,1135.09,87.03%,1128.14,9.86%,566.41,3.11%,1116.72
,,,,伞重击派生(大纵),1,,33042.70,0.38%,62.30%,1,87.03%,9.86%,100.00%,伞,17.00%,3324.7,3404.7,3484.7,26.75%,10.0%,1,7877.97,0.00%,13263.02,87.03%,11147.08,9.86%,8067.53,3.11%,12892.81,510.90,510.90,510.90,26.75%,10.0%,1,712.32,0.00%,1171.06,87.03%,961.64,9.86%,712.32,3.11%,1136.14,0,0,0,-24.00%,0.0%,1,0.00,0.00%,0.00,87.03%,0.00,9.86%,0.00,3.11%,0.00,0,0,0,-24.00%,0.0%,1,0.00,0.00%,0.00,87.03%,0.00,9.86%,0.00,3.11%,0.00,686.71,1052.21,1417.71,2.80%,24.8%,1,2245.87,0.00%,5657.39,87.03%,6259.40,9.86%,3441.23,3.11%,5647.82,0,0,0,-24.00%,0.0%,1,0.00,0.00%,0.00,87.03%,0.00,9.86%,0.00,3.11%,0.00,66,125.8,185.6,2.80%,24.8%,1,215.85,0.00%,676.39,87.03%,819.45,9.86%,411.43,3.11%,682.25
,,,,丢伞(大纵断石),1,,10730.97,0.12%,50.30%,1,87.03%,9.86%,100.00%,伞,17.00%,3324.7,3404.7,3484.7,39.25%,0.0%,1,2495.38,0.00%,4839.97,87.03%,3530.88,9.86%,2555.42,3.11%,4639.85,161.86,161.86,161.86,39.25%,0.0%,1,225.39,0.00%,426.89,87.03%,304.28,9.86%,225.39,3.11%,408.54,0,0,0,-24.00%,0.0%,1,0.00,0.00%,0.00,87.03%,0.00,9.86%,0.00,3.11%,0.00,0,0,0,-24.00%,0.0%,1,0.00,0.00%,0.00,87.03%,0.00,9.86%,0.00,3.11%,0.00,686.71,1052.21,1417.71,2.80%,14.8%,1,655.22,0.00%,1901.50,87.03%,1826.15,9.86%,1003.96,3.11%,1866.16,0,0,0,-24.00%,0.0%,1,0.00,0.00%,0.00,87.03%,0.00,9.86%,0.00,3.11%,0.00,66,125.8,185.6,2.80%,14.8%,1,62.97,0.00%,227.34,87.03%,239.07,9.86%,120.03,3.11%,225.16
,,,,扇Q(大纵断石),1,,17396.60,0.20%,41.70%,1,87.03%,9.86%,100.00%,扇,8.40%,3324.7,3404.7,3484.7,39.25%,0.0%,1,4289.83,0.00%,8320.44,87.03%,6069.97,9.86%,4393.05,3.11%,7976.40,279.50,279.50,279.50,39.25%,0.0%,1,389.20,0.00%,737.15,87.03%,525.43,9.86%,389.20,3.11%,705.45,0,0,0,-24.00%,0.0%,1,0.00,0.00%,0.00,87.03%,0.00,9.86%,0.00,3.11%,0.00,0,0,0,-24.00%,0.0%,1,0.00,0.00%,0.00,87.03%,0.00,9.86%,0.00,3.11%,0.00,686.71,1052.21,1417.71,2.80%,14.8%,1,1126.40,0.00%,3268.89,87.03%,3139.35,9.86%,1725.92,3.11%,3208.14,0,0,0,-24.00%,0.0%,1,0.00,0.00%,0.00,87.03%,0.00,9.86%,0.00,3.11%,0.00,66,125.8,185.6,2.80%,14.8%,1,108.26,0.00%,390.82,87.03%,410.99,9.86%,206.35,3.11%,387.07
,,,,扇左蓄(风墙5惊春大纵断石),1,,95813.95,1.10%,101.70%,1,87.03%,9.86%,100.00%,扇,8.40%,3324.7,3404.7,3484.7,39.25%,10.0%,1,14062.63,0.00%,32459.87,87.03%,19898.17,9.86%,14401.01,3.11%,30659.66,993.40,993.40,993.40,39.25%,10.0%,1,1521.63,0.00%,3429.76,87.03%,2054.20,9.86%,1521.63,3.11%,3234.79,0,0,0,-24.00%,0.0%,1,0.00,0.00%,0.00,87.03%,0.00,9.86%,0.00,3.11%,0.00,0,0,0,-24.00%,0.0%,1,0.00,0.00%,0.00,87.03%,0.00,9.86%,0.00,3.11%,0.00,686.71,1052.21,1417.71,2.80%,24.8%,1,3649.21,0.00%,12603.22,87.03%,10170.59,9.86%,5591.49,3.11%,12145.30,0,0,0,-24.00%,0.0%,1,0.00,0.00%,0.00,87.03%,0.00,9.86%,0.00,3.11%,0.00,66,125.8,185.6,2.80%,24.8%,1,350.73,0.00%,1506.81,87.03%,1331.49,9.86%,668.51,3.11%,1463.46
,,,,扇强化重击派生(风墙大纵低真气断石),0.35,,41697.50,0.48%,56.70%,1,88.70%,9.86%,100.00%,扇,8.40%,3324.7,3404.7,3484.7,39.25%,10.0%,1,22289.46,0.00%,51449.34,88.70%,31538.88,9.86%,22825.80,1.44%,49073.99,1573.98,1573.98,1573.98,39.25%,10.0%,1,2410.94,0.00%,5434.25,88.70%,3254.76,9.86%,2410.94,1.44%,5175.82,0,0,0,-24.00%,0.0%,1,0.00,0.00%,0.00,88.70%,0.00,9.86%,0.00,1.44%,0.00,0,0,0,-24.00%,0.0%,1,0.00,0.00%,0.00,88.70%,0.00,9.86%,0.00,1.44%,0.00,686.71,1052.21,1417.71,2.80%,24.8%,1,5784.11,0.00%,19976.49,88.70%,16120.71,9.86%,8862.69,1.44%,19436.27,0,0,0,-24.00%,0.0%,1,0.00,0.00%,0.00,88.70%,0.00,9.86%,0.00,1.44%,0.00,66,125.8,185.6,2.80%,24.8%,1,555.91,0.00%,2388.35,88.70%,2110.45,9.86%,1059.60,1.44%,2341.81
,,,,扇强化重击派生(风墙大纵低真气),0.65,,65048.59,0.75%,56.70%,1,88.70%,9.86%,100.00%,扇,8.40%,3324.7,3404.7,3484.7,26.75%,10.0%,1,20288.61,0.00%,41636.71,88.70%,28707.74,9.86%,20776.80,1.44%,40061.53,1573.98,1573.98,1573.98,26.75%,10.0%,1,2194.51,0.00%,4397.81,88.70%,2962.59,9.86%,2194.51,1.44%,4224.57,0,0,0,-24.00%,0.0%,1,0.00,0.00%,0.00,88.70%,0.00,9.86%,0.00,1.44%,0.00,0,0,0,-24.00%,0.0%,1,0.00,0.00%,0.00,88.70%,0.00,9.86%,0.00,1.44%,0.00,686.71,1052.21,1417.71,2.80%,24.8%,1,5784.11,0.00%,17760.82,88.70%,16120.71,9.86%,8862.69,1.44%,17470.97,0,0,0,-24.00%,0.0%,1,0.00,0.00%,0.00,88.70%,0.00,9.86%,0.00,1.44%,0.00,66,125.8,185.6,2.80%,24.8%,1,555.91,0.00%,2123.45,88.70%,2110.45,9.86%,1059.60,1.44%,2106.85
瘫痪,伞Q,1.25,,伞～(连中风墙大纵断石),10,32.0%,568169.73,6.55%,110.30%,1,87.03%,9.86%,100.00%,伞,17.00%,3324.7,3404.7,3484.7,41.75%,10.0%,1,6091.01,0.00%,14059.50,87.03%,8618.59,9.86%,6237.58,3.11%,13279.76,421.59,421.59,421.59,41.75%,10.0%,1,657.36,0.00%,1481.70,87.03%,887.44,9.86%,657.36,3.11%,1397.47,0,0,0,-24.00%,0.0%,1,0.00,0.00%,0.00,87.03%,0.00,9.86%,0.00,3.11%,0.00,0,0,0,-24.00%,0.0%,1,0.00,0.00%,0.00,87.03%,0.00,9.86%,0.00,3.11%,0.00,686.71,1052.21,1417.71,2.80%,24.8%,1,1552.67,0.00%,5362.44,87.03%,4327.40,9.86%,2379.08,3.11%,5167.60,0,0,0,-24.00%,0.0%,1,0.00,0.00%,0.00,87.03%,0.00,9.86%,0.00,3.11%,0.00,66,125.8,185.6,2.80%,24.8%,1,149.23,0.00%,641.12,87.03%,566.52,9.86%,284.44,3.11%,622.67
,丢伞,1.16,,伞Q(连中风墙大纵气竭),1,,89809.53,1.04%,120.30%,1,87.03%,9.86%,100.00%,伞,17.00%,3324.7,3404.7,3484.7,41.75%,10.0%,1,12129.09,0.00%,27996.82,87.03%,17162.28,9.86%,12420.95,3.11%,26444.12,842.40,842.40,842.40,41.75%,10.0%,1,1313.51,0.00%,2960.66,87.03%,1773.24,9.86%,1313.51,3.11%,2792.35,0,0,0,-24.00%,0.0%,1,0.00,0.00%,0.00,87.03%,0.00,9.86%,0.00,3.11%,0.00,0,0,0,-24.00%,0.0%,1,0.00,0.00%,0.00,87.03%,0.00,9.86%,0.00,3.11%,0.00,686.71,1052.21,1417.71,2.80%,24.8%,1,3091.91,0.00%,10678.48,87.03%,8617.36,9.86%,4737.57,3.11%,10290.49,0,0,0,-24.00%,0.0%,1,0.00,0.00%,0.00,87.03%,0.00,9.86%,0.00,3.11%,0.00,66,125.8,185.6,2.80%,24.8%,1,297.16,0.00%,1276.70,87.03%,1128.14,9.86%,566.41,3.11%,1239.96
,切武器,0.1,,伞重击派生(大纵气竭),1,,39561.18,0.46%,60.30%,1,87.03%,9.86%,100.00%,伞,17.00%,3324.7,3404.7,3484.7,39.25%,10.0%,1,8654.89,0.00%,16786.80,87.03%,12246.39,9.86%,8863.15,3.11%,16092.69,510.90,510.90,510.90,39.25%,10.0%,1,782.57,0.00%,1482.19,87.03%,1056.47,9.86%,782.57,3.11%,1418.46,0,0,0,-24.00%,0.0%,1,0.00,0.00%,0.00,87.03%,0.00,9.86%,0.00,3.11%,0.00,0,0,0,-24.00%,0.0%,1,0.00,0.00%,0.00,87.03%,0.00,9.86%,0.00,3.11%,0.00,686.71,1052.21,1417.71,2.80%,24.8%,1,2245.87,0.00%,6517.69,87.03%,6259.40,9.86%,3441.23,3.11%,6396.55,0,0,0,-24.00%,0.0%,1,0.00,0.00%,0.00,87.03%,0.00,9.86%,0.00,3.11%,0.00,66,125.8,185.6,2.80%,24.8%,1,215.85,0.00%,779.24,87.03%,819.45,9.86%,411.43,3.11%,771.77
,扇～,1.33,,丢伞(大纵气竭),1,,11444.94,0.13%,60.30%,1,87.03%,9.86%,100.00%,伞,17.00%,3324.7,3404.7,3484.7,39.25%,0.0%,1,2495.38,0.00%,4839.97,87.03%,3530.88,9.86%,2555.42,3.11%,4639.85,161.86,161.86,161.86,39.25%,0.0%,1,225.39,0.00%,426.89,87.03%,304.28,9.86%,225.39,3.11%,408.54,0,0,0,-24.00%,0.0%,1,0.00,0.00%,0.00,87.03%,0.00,9.86%,0.00,3.11%,0.00,0,0,0,-24.00%,0.0%,1,0.00,0.00%,0.00,87.03%,0.00,9.86%,0.00,3.11%,0.00,686.71,1052.21,1417.71,2.80%,14.8%,1,655.22,0.00%,1901.50,87.03%,1826.15,9.86%,1003.96,3.11%,1866.16,0,0,0,-24.00%,0.0%,1,0.00,0.00%,0.00,87.03%,0.00,9.86%,0.00,3.11%,0.00,66,125.8,185.6,2.80%,14.8%,1,62.97,0.00%,227.34,87.03%,239.07,9.86%,120.03,3.11%,225.16
,风墙+派生,1.93,,衍九矢(大纵气竭),1,,134784.68,1.55%,43.30%,1,87.03%,9.86%,100.00%,群体奇术,0.00%,3324.7,3404.7,3484.7,39.25%,0.0%,1,35372.34,0.00%,68607.27,87.03%,50050.74,9.86%,36223.48,3.11%,65770.46,1365.00,1365.00,1365.00,39.25%,0.0%,1,1900.76,0.00%,3600.04,87.03%,2566.03,9.86%,1900.76,3.11%,3445.24,0,0,0,-24.00%,0.0%,1,0.00,0.00%,0.00,87.03%,0.00,9.86%,0.00,3.11%,0.00,0,0,0,-24.00%,0.0%,1,0.00,0.00%,0.00,87.03%,0.00,9.86%,0.00,3.11%,0.00,490.8,856.3,1221.8,2.80%,14.8%,1,6638.15,0.00%,21935.54,87.03%,22308.80,9.86%,11581.59,3.11%,21650.33,0,0,0,-24.00%,0.0%,1,0.00,0.00%,0.00,87.03%,0.00,9.86%,0.00,3.11%,0.00,66,125.8,185.6,2.80%,14.8%,1,892.66,0.00%,3222.57,87.03%,3388.86,9.86%,1701.46,3.11%,3191.66
,龙卷风,1.5,,骑龙回马打满(大纵气竭),1,,125362.20,1.44%,43.30%,1,87.03%,9.86%,100.00%,单体奇术,0.00%,3324.7,3404.7,3484.7,39.25%,0.0%,1,32900.11,0.00%,63812.19,87.03%,46552.61,9.86%,33691.76,3.11%,61173.65,1269.00,1269.00,1269.00,39.25%,0.0%,1,1767.08,0.00%,3346.85,87.03%,2385.56,9.86%,1767.08,3.11%,3202.94,0,0,0,-24.00%,0.0%,1,0.00,0.00%,0.00,87.03%,0.00,9.86%,0.00,3.11%,0.00,0,0,0,-24.00%,0.0%,1,0.00,0.00%,0.00,87.03%,0.00,9.86%,0.00,3.11%,0.00,490.8,856.3,1221.8,2.80%,14.8%,1,6174.20,0.00%,20402.43,87.03%,20749.60,9.86%,10772.14,3.11%,20137.16,0,0,0,-24.00%,0.0%,1,0.00,0.00%,0.00,87.03%,0.00,9.86%,0.00,3.11%,0.00,66,125.8,185.6,2.80%,14.8%,1,830.27,0.00%,2997.34,87.03%,3152.01,9.86%,1582.55,3.11%,2968.59
,切武器,0.1,,伞～(连中风墙大纵气竭),10,32.0%,595186.84,6.86%,120.30%,1,87.03%,9.86%,100.00%,伞,17.00%,3324.7,3404.7,3484.7,41.75%,10.0%,1,6091.01,0.00%,14059.50,87.03%,8618.59,9.86%,6237.58,3.11%,13279.76,421.59,421.59,421.59,41.75%,10.0%,1,657.36,0.00%,1481.70,87.03%,887.44,9.86%,657.36,3.11%,1397.47,0,0,0,-24.00%,0.0%,1,0.00,0.00%,0.00,87.03%,0.00,9.86%,0.00,3.11%,0.00,0,0,0,-24.00%,0.0%,1,0.00,0.00%,0.00,87.03%,0.00,9.86%,0.00,3.11%,0.00,686.71,1052.21,1417.71,2.80%,24.8%,1,1552.67,0.00%,5362.44,87.03%,4327.40,9.86%,2379.08,3.11%,5167.60,0,0,0,-24.00%,0.0%,1,0.00,0.00%,0.00,87.03%,0.00,9.86%,0.00,3.11%,0.00,66,125.8,185.6,2.80%,24.8%,1,149.23,0.00%,641.12,87.03%,566.52,9.86%,284.44,3.11%,622.67
,伞Q,1.25,,伞Q(连中风墙大纵气竭),1,,89809.53,1.04%,120.30%,1,87.03%,9.86%,100.00%,伞,17.00%,3324.7,3404.7,3484.7,41.75%,10.0%,1,12129.09,0.00%,27996.82,87.03%,17162.28,9.86%,12420.95,3.11%,26444.12,842.40,842.40,842.40,41.75%,10.0%,1,1313.51,0.00%,2960.66,87.03%,1773.24,9.86%,1313.51,3.11%,2792.35,0,0,0,-24.00%,0.0%,1,0.00,0.00%,0.00,87.03%,0.00,9.86%,0.00,3.11%,0.00,0,0,0,-24.00%,0.0%,1,0.00,0.00%,0.00,87.03%,0.00,9.86%,0.00,3.11%,0.00,686.71,1052.21,1417.71,2.80%,24.8%,1,3091.91,0.00%,10678.48,87.03%,8617.36,9.86%,4737.57,3.11%,10290.49,0,0,0,-24.00%,0.0%,1,0.00,0.00%,0.00,87.03%,0.00,9.86%,0.00,3.11%,0.00,66,125.8,185.6,2.80%,24.8%,1,297.16,0.00%,1276.70,87.03%,1128.14,9.86%,566.41,3.11%,1239.96
,伞派生,1.3,,伞重击派生(大纵断石),1,,40054.77,0.46%,62.30%,1,87.03%,9.86%,100.00%,伞,17.00%,3324.7,3404.7,3484.7,39.25%,10.0%,1,8654.89,0.00%,16786.80,87.03%,12246.39,9.86%,8863.15,3.11%,16092.69,510.90,510.90,510.90,39.25%,10.0%,1,782.57,0.00%,1482.19,87.03%,1056.47,9.86%,782.57,3.11%,1418.46,0,0,0,-24.00%,0.0%,1,0.00,0.00%,0.00,87.03%,0.00,9.86%,0.00,3.11%,0.00,0,0,0,-24.00%,0.0%,1,0.00,0.00%,0.00,87.03%,0.00,9.86%,0.00,3.11%,0.00,686.71,1052.21,1417.71,2.80%,24.8%,1,2245.87,0.00%,6517.69,87.03%,6259.40,9.86%,3441.23,3.11%,6396.55,0,0,0,-24.00%,0.0%,1,0.00,0.00%,0.00,87.03%,0.00,9.86%,0.00,3.11%,0.00,66,125.8,185.6,2.80%,24.8%,1,215.85,0.00%,779.24,87.03%,819.45,9.86%,411.43,3.11%,771.77
,丢伞,1.16,,丢伞(大纵断石),1,,10730.97,0.12%,50.30%,1,87.03%,9.86%,100.00%,伞,17.00%,3324.7,3404.7,3484.7,39.25%,0.0%,1,2495.38,0.00%,4839.97,87.03%,3530.88,9.86%,2555.42,3.11%,4639.85,161.86,161.86,161.86,39.25%,0.0%,1,225.39,0.00%,426.89,87.03%,304.28,9.86%,225.39,3.11%,408.54,0,0,0,-24.00%,0.0%,1,0.00,0.00%,0.00,87.03%,0.00,9.86%,0.00,3.11%,0.00,0,0,0,-24.00%,0.0%,1,0.00,0.00%,0.00,87.03%,0.00,9.86%,0.00,3.11%,0.00,686.71,1052.21,1417.71,2.80%,14.8%,1,655.22,0.00%,1901.50,87.03%,1826.15,9.86%,1003.96,3.11%,1866.16,0,0,0,-24.00%,0.0%,1,0.00,0.00%,0.00,87.03%,0.00,9.86%,0.00,3.11%,0.00,66,125.8,185.6,2.80%,14.8%,1,62.97,0.00%,227.34,87.03%,239.07,9.86%,120.03,3.11%,225.16
,切武器,0.1,,扇Q(大纵断石),1,,17396.60,0.20%,41.70%,1,87.03%,9.86%,100.00%,扇,8.40%,3324.7,3404.7,3484.7,39.25%,0.0%,1,4289.83,0.00%,8320.44,87.03%,6069.97,9.86%,4393.05,3.11%,7976.40,279.50,279.50,279.50,39.25%,0.0%,1,389.20,0.00%,737.15,87.03%,525.43,9.86%,389.20,3.11%,705.45,0,0,0,-24.00%,0.0%,1,0.00,0.00%,0.00,87.03%,0.00,9.86%,0.00,3.11%,0.00,0,0,0,-24.00%,0.0%,1,0.00,0.00%,0.00,87.03%,0.00,9.86%,0.00,3.11%,0.00,686.71,1052.21,1417.71,2.80%,14.8%,1,1126.40,0.00%,3268.89,87.03%,3139.35,9.86%,1725.92,3.11%,3208.14,0,0,0,-24.00%,0.0%,1,0.00,0.00%,0.00,87.03%,0.00,9.86%,0.00,3.11%,0.00,66,125.8,185.6,2.80%,14.8%,1,108.26,0.00%,390.82,87.03%,410.99,9.86%,206.35,3.11%,387.07
,龙卷风+后摇打断,1.4,,伞～(连中大纵断石),3,32.0%,138030.39,1.59%,70.30%,1,87.03%,9.86%,100.00%,伞,17.00%,3324.7,3404.7,3484.7,41.75%,10.0%,1,6091.01,0.00%,14059.50,87.03%,8618.59,9.86%,6237.58,3.11%,13279.76,421.59,421.59,421.59,41.75%,10.0%,1,657.36,0.00%,1481.70,87.03%,887.44,9.86%,657.36,3.11%,1397.47,0,0,0,-24.00%,0.0%,1,0.00,0.00%,0.00,87.03%,0.00,9.86%,0.00,3.11%,0.00,0,0,0,-24.00%,0.0%,1,0.00,0.00%,0.00,87.03%,0.00,9.86%,0.00,3.11%,0.00,686.71,1052.21,1417.71,2.80%,24.8%,1,1552.67,0.00%,5362.44,87.03%,4327.40,9.86%,2379.08,3.11%,5167.60,0,0,0,-24.00%,0.0%,1,0.00,0.00%,0.00,87.03%,0.00,9.86%,0.00,3.11%,0.00,66,125.8,185.6,2.80%,24.8%,1,149.23,0.00%,641.12,87.03%,566.52,9.86%,284.44,3.11%,622.67
,派生,1.93,,伞～(连中风墙大纵断石),2,32.0%,113633.95,1.31%,110.30%,1,87.03%,9.86%,100.00%,伞,17.00%,3324.7,3404.7,3484.7,41.75%,10.0%,1,6091.01,0.00%,14059.50,87.03%,8618.59,9.86%,6237.58,3.11%,13279.76,421.59,421.59,421.59,41.75%,10.0%,1,657.36,0.00%,1481.70,87.03%,887.44,9.86%,657.36,3.11%,1397.47,0,0,0,-24.00%,0.0%,1,0.00,0.00%,0.00,87.03%,0.00,9.86%,0.00,3.11%,0.00,0,0,0,-24.00%,0.0%,1,0.00,0.00%,0.00,87.03%,0.00,9.86%,0.00,3.11%,0.00,686.71,1052.21,1417.71,2.80%,24.8%,1,1552.67,0.00%,5362.44,87.03%,4327.40,9.86%,2379.08,3.11%,5167.60,0,0,0,-24.00%,0.0%,1,0.00,0.00%,0.00,87.03%,0.00,9.86%,0.00,3.11%,0.00,66,125.8,185.6,2.80%,24.8%,1,149.23,0.00%,641.12,87.03%,566.52,9.86%,284.44,3.11%,622.67
,龙卷风,1.5,,伞～(连中风墙大纵),5,32.0%,239091.01,2.76%,110.30%,1,87.03%,9.86%,100.00%,伞,17.00%,3324.7,3404.7,3484.7,29.25%,10.0%,1,5553.89,0.00%,11397.80,87.03%,7858.57,9.86%,5687.53,3.11%,10871.24,421.59,421.59,421.59,29.25%,10.0%,1,599.40,0.00%,1201.19,87.03%,809.18,9.86%,599.40,3.11%,1143.82,0,0,0,-24.00%,0.0%,1,0.00,0.00%,0.00,87.03%,0.00,9.86%,0.00,3.11%,0.00,0,0,0,-24.00%,0.0%,1,0.00,0.00%,0.00,87.03%,0.00,9.86%,0.00,3.11%,0.00,686.71,1052.21,1417.71,2.80%,24.8%,1,1552.67,0.00%,4767.67,87.03%,4327.40,9.86%,2379.08,3.11%,4649.97,0,0,0,-24.00%,0.0%,1,0.00,0.00%,0.00,87.03%,0.00,9.86%,0.00,3.11%,0.00,66,125.8,185.6,2.80%,24.8%,1,149.23,0.00%,570.01,87.03%,566.52,9.86%,284.44,3.11%,560.79
,切武器,0.1,,扇左蓄(风墙大纵),1,,72358.36,0.83%,78.70%,1,87.03%,9.86%,100.00%,扇,8.40%,3324.7,3404.7,3484.7,29.25%,10.0%,1,13052.75,0.00%,26787.12,87.03%,18469.22,9.86%,13366.83,3.11%,25549.60,993.40,993.40,993.40,29.25%,10.0%,1,1412.36,0.00%,2830.37,87.03%,1906.69,9.86%,1412.36,3.11%,2695.19,0,0,0,-24.00%,0.0%,1,0.00,0.00%,0.00,87.03%,0.00,9.86%,0.00,3.11%,0.00,0,0,0,-24.00%,0.0%,1,0.00,0.00%,0.00,87.03%,0.00,9.86%,0.00,3.11%,0.00,686.71,1052.21,1417.71,2.80%,24.8%,1,3649.21,0.00%,11205.35,87.03%,10170.59,9.86%,5591.49,3.11%,10928.73,0,0,0,-24.00%,0.0%,1,0.00,0.00%,0.00,87.03%,0.00,9.86%,0.00,3.11%,0.00,66,125.8,185.6,2.80%,24.8%,1,350.73,0.00%,1339.69,87.03%,1331.49,9.86%,668.51,3.11%,1318.01
,伞Q,1.25,,扇强化重击派生(风墙大纵),1,,100074.76,1.15%,56.70%,1,88.70%,9.86%,100.00%,扇,8.40%,3324.7,3404.7,3484.7,26.75%,10.0%,1,20288.61,0.00%,41636.71,88.70%,28707.74,9.86%,20776.80,1.44%,40061.53,1573.98,1573.98,1573.98,26.75%,10.0%,1,2194.51,0.00%,4397.81,88.70%,2962.59,9.86%,2194.51,1.44%,4224.57,0,0,0,-24.00%,0.0%,1,0.00,0.00%,0.00,88.70%,0.00,9.86%,0.00,1.44%,0.00,0,0,0,-24.00%,0.0%,1,0.00,0.00%,0.00,88.70%,0.00,9.86%,0.00,1.44%,0.00,686.71,1052.21,1417.71,2.80%,24.8%,1,5784.11,0.00%,17760.82,88.70%,16120.71,9.86%,8862.69,1.44%,17470.97,0,0,0,-24.00%,0.0%,1,0.00,0.00%,0.00,88.70%,0.00,9.86%,0.00,1.44%,0.00,66,125.8,185.6,2.80%,24.8%,1,555.91,0.00%,2123.45,88.70%,2110.45,9.86%,1059.60,1.44%,2106.85
,伞派生,1.3,,伞Q(连中风墙大纵),1,,72153.88,0.83%,110.30%,1,87.03%,9.86%,100.00%,伞,17.00%,3324.7,3404.7,3484.7,29.25%,10.0%,1,11059.51,0.00%,22696.56,87.03%,15648.86,9.86%,11325.63,3.11%,21648.02,842.40,842.40,842.40,29.25%,10.0%,1,1197.68,0.00%,2400.16,87.03%,1616.87,9.86%,1197.68,3.11%,2285.53,0,0,0,-24.00%,0.0%,1,0.00,0.00%,0.00,87.03%,0.00,9.86%,0.00,3.11%,0.00,0,0,0,-24.00%,0.0%,1,0.00,0.00%,0.00,87.03%,0.00,9.86%,0.00,3.11%,0.00,686.71,1052.21,1417.71,2.80%,24.8%,1,3091.91,0.00%,9494.08,87.03%,8617.36,9.86%,4737.57,3.11%,9259.71,0,0,0,-24.00%,0.0%,1,0.00,0.00%,0.00,87.03%,0.00,9.86%,0.00,3.11%,0.00,66,125.8,185.6,2.80%,24.8%,1,297.16,0.00%,1135.09,87.03%,1128.14,9.86%,566.41,3.11%,1116.72
,丢伞,1.16,断,伞重击派生(大纵),1,,33042.70,0.38%,62.30%,1,87.03%,9.86%,100.00%,伞,17.00%,3324.7,3404.7,3484.7,26.75%,10.0%,1,7877.97,0.00%,13263.02,87.03%,11147.08,9.86%,8067.53,3.11%,12892.81,510.90,510.90,510.90,26.75%,10.0%,1,712.32,0.00%,1171.06,87.03%,961.64,9.86%,712.32,3.11%,1136.14,0,0,0,-24.00%,0.0%,1,0.00,0.00%,0.00,87.03%,0.00,9.86%,0.00,3.11%,0.00,0,0,0,-24.00%,0.0%,1,0.00,0.00%,0.00,87.03%,0.00,9.86%,0.00,3.11%,0.00,686.71,1052.21,1417.71,2.80%,24.8%,1,2245.87,0.00%,5657.39,87.03%,6259.40,9.86%,3441.23,3.11%,5647.82,0,0,0,-24.00%,0.0%,1,0.00,0.00%,0.00,87.03%,0.00,9.86%,0.00,3.11%,0.00,66,125.8,185.6,2.80%,24.8%,1,215.85,0.00%,676.39,87.03%,819.45,9.86%,411.43,3.11%,682.25
,切武器,0.1,,丢伞(大纵),1,,8854.55,0.10%,50.30%,1,87.03%,9.86%,100.00%,伞,17.00%,3324.7,3404.7,3484.7,26.75%,0.0%,1,2271.38,0.00%,3824.00,87.03%,3213.93,9.86%,2326.03,3.11%,3717.26,161.86,161.86,161.86,26.75%,0.0%,1,205.16,0.00%,337.28,87.03%,276.97,9.86%,205.16,3.11%,327.23,0,0,0,-24.00%,0.0%,1,0.00,0.00%,0.00,87.03%,0.00,9.86%,0.00,3.11%,0.00,0,0,0,-24.00%,0.0%,1,0.00,0.00%,0.00,87.03%,0.00,9.86%,0.00,3.11%,0.00,686.71,1052.21,1417.71,2.80%,14.8%,1,655.22,0.00%,1650.51,87.03%,1826.15,9.86%,1003.96,3.11%,1647.72,0,0,0,-24.00%,0.0%,1,0.00,0.00%,0.00,87.03%,0.00,9.86%,0.00,3.11%,0.00,66,125.8,185.6,2.80%,14.8%,1,62.97,0.00%,197.33,87.03%,239.07,9.86%,120.03,3.11%,199.04
,风墙,1,,扇左蓄(风墙5惊春小纵),1,,76841.49,0.89%,98.70%,1,87.03%,9.86%,100.00%,扇,8.40%,3081.85,3161.85,3241.85,29.25%,10.0%,1,12099.32,0.00%,24876.45,87.03%,17182.09,9.86%,12413.40,3.11%,23730.18,993.40,993.40,993.40,29.25%,10.0%,1,1412.36,0.00%,2830.37,87.03%,1906.69,9.86%,1412.36,3.11%,2695.19,0,0,0,-24.00%,0.0%,1,0.00,0.00%,0.00,87.03%,0.00,9.86%,0.00,3.11%,0.00,0,0,0,-24.00%,0.0%,1,0.00,0.00%,0.00,87.03%,0.00,9.86%,0.00,3.11%,0.00,686.71,1052.21,1417.71,2.80%,24.8%,1,3649.21,0.00%,11205.35,87.03%,10170.59,9.86%,5591.49,3.11%,10928.73,0,0,0,-24.00%,0.0%,1,0.00,0.00%,0.00,87.03%,0.00,9.86%,0.00,3.11%,0.00,66,125.8,185.6,2.80%,24.8%,1,350.73,0.00%,1339.69,87.03%,1331.49,9.86%,668.51,3.11%,1318.01
,龙卷风+后摇打断,1.4,,扇Q(小纵),1,,13709.89,0.16%,41.70%,1,87.03%,9.86%,100.00%,扇,8.40%,3081.85,3161.85,3241.85,26.75%,0.0%,1,3619.53,0.00%,6104.97,87.03%,5140.05,9.86%,3713.48,3.11%,5935.45,279.50,279.50,279.50,26.75%,0.0%,1,354.27,0.00%,582.41,87.03%,478.26,9.86%,354.27,3.11%,565.05,0,0,0,-24.00%,0.0%,1,0.00,0.00%,0.00,87.03%,0.00,9.86%,0.00,3.11%,0.00,0,0,0,-24.00%,0.0%,1,0.00,0.00%,0.00,87.03%,0.00,9.86%,0.00,3.11%,0.00,686.71,1052.21,1417.71,2.80%,14.8%,1,1126.40,0.00%,2837.41,87.03%,3139.35,9.86%,1725.92,3.11%,2832.62,0,0,0,-24.00%,0.0%,1,0.00,0.00%,0.00,87.03%,0.00,9.86%,0.00,3.11%,0.00,66,125.8,185.6,2.80%,14.8%,1,108.26,0.00%,339.24,87.03%,410.99,9.86%,206.35,3.11%,342.18
,强化派生,2.5,,扇强化重击派生(风墙小纵),1,,95604.31,1.10%,56.70%,1,88.70%,9.86%,100.00%,扇,8.40%,3081.85,3161.85,3241.85,26.75%,10.0%,1,18806.65,0.00%,38666.85,88.70%,26707.09,9.86%,19294.84,1.44%,37208.66,1573.98,1573.98,1573.98,26.75%,10.0%,1,2194.51,0.00%,4397.81,88.70%,2962.59,9.86%,2194.51,1.44%,4224.57,0,0,0,-24.00%,0.0%,1,0.00,0.00%,0.00,88.70%,0.00,9.86%,0.00,1.44%,0.00,0,0,0,-24.00%,0.0%,1,0.00,0.00%,0.00,88.70%,0.00,9.86%,0.00,1.44%,0.00,686.71,1052.21,1417.71,2.80%,24.8%,1,5784.11,0.00%,17760.82,88.70%,16120.71,9.86%,8862.69,1.44%,17470.97,0,0,0,-24.00%,0.0%,1,0.00,0.00%,0.00,88.70%,0.00,9.86%,0.00,1.44%,0.00,66,125.8,185.6,2.80%,24.8%,1,555.91,0.00%,2123.45,88.70%,2110.45,9.86%,1059.60,1.44%,2106.85
气竭,切武器,0.1,,伞～(连中风墙小纵),10,32.0%,456691.82,5.26%,110.30%,1,87.03%,9.86%,100.00%,伞,17.00%,3081.85,3161.85,3241.85,29.25%,10.0%,1,5148.21,0.00%,10584.82,87.03%,7310.91,9.86%,5281.85,3.11%,10097.09,421.59,421.59,421.59,29.25%,10.0%,1,599.40,0.00%,1201.19,87.03%,809.18,9.86%,599.40,3.11%,1143.82,0,0,0,-24.00%,0.0%,1,0.00,0.00%,0.00,87.03%,0.00,9.86%,0.00,3.11%,0.00,0,0,0,-24.00%,0.0%,1,0.00,0.00%,0.00,87.03%,0.00,9.86%,0.00,3.11%,0.00,686.71,1052.21,1417.71,2.80%,24.8%,1,1552.67,0.00%,4767.67,87.03%,4327.40,9.86%,2379.08,3.11%,4649.97,0,0,0,-24.00%,0.0%,1,0.00,0.00%,0.00,87.03%,0.00,9.86%,0.00,3.11%,0.00,66,125.8,185.6,2.80%,24.8%,1,149.23,0.00%,570.01,87.03%,566.52,9.86%,284.44,3.11%,560.79
,伞Q,1.25,,伞Q(连中风墙小纵),1,,68911.94,0.79%,110.30%,1,87.03%,9.86%,100.00%,伞,17.00%,3081.85,3161.85,3241.85,29.25%,10.0%,1,10251.68,0.00%,21077.66,87.03%,14558.28,9.86%,10517.79,3.11%,20106.44,842.40,842.40,842.40,29.25%,10.0%,1,1197.68,0.00%,2400.16,87.03%,1616.87,9.86%,1197.68,3.11%,2285.53,0,0,0,-24.00%,0.0%,1,0.00,0.00%,0.00,87.03%,0.00,9.86%,0.00,3.11%,0.00,0,0,0,-24.00%,0.0%,1,0.00,0.00%,0.00,87.03%,0.00,9.86%,0.00,3.11%,0.00,686.71,1052.21,1417.71,2.80%,24.8%,1,3091.91,0.00%,9494.08,87.03%,8617.36,9.86%,4737.57,3.11%,9259.71,0,0,0,-24.00%,0.0%,1,0.00,0.00%,0.00,87.03%,0.00,9.86%,0.00,3.11%,0.00,66,125.8,185.6,2.80%,24.8%,1,297.16,0.00%,1135.09,87.03%,1128.14,9.86%,566.41,3.11%,1116.72
,伞派生,1.3,,伞重击(小纵),1,,10133.92,0.12%,62.30%,1,87.03%,9.86%,100.00%,伞,17.00%,3081.85,3161.85,3241.85,26.75%,10.0%,1,2319.02,0.00%,3911.44,87.03%,3293.21,9.86%,2379.22,3.11%,3802.83,193.70,193.70,193.70,26.75%,10.0%,1,270.07,0.00%,443.99,87.03%,364.59,9.86%,270.07,3.11%,430.75,0,0,0,-24.00%,0.0%,1,0.00,0.00%,0.00,87.03%,0.00,9.86%,0.00,3.11%,0.00,0,0,0,-24.00%,0.0%,1,0.00,0.00%,0.00,87.03%,0.00,9.86%,0.00,3.11%,0.00,686.71,1052.21,1417.71,2.80%,24.8%,1,713.27,0.00%,1796.73,87.03%,1987.92,9.86%,1092.90,3.11%,1793.69,0,0,0,-24.00%,0.0%,1,0.00,0.00%,0.00,87.03%,0.00,9.86%,0.00,3.11%,0.00,66,125.8,185.6,2.80%,24.8%,1,68.55,0.00%,214.81,87.03%,260.25,9.86%,130.66,3.11%,216.68
,丢伞,1.16,,丢伞(小纵),1,,8456.82,0.10%,50.30%,1,87.03%,9.86%,100.00%,伞,17.00%,3081.85,3161.85,3241.85,26.75%,0.0%,1,2105.47,0.00%,3551.24,87.03%,2989.95,9.86%,2160.12,3.11%,3452.63,161.86,161.86,161.86,26.75%,0.0%,1,205.16,0.00%,337.28,87.03%,276.97,9.86%,205.16,3.11%,327.23,0,0,0,-24.00%,0.0%,1,0.00,0.00%,0.00,87.03%,0.00,9.86%,0.00,3.11%,0.00,0,0,0,-24.00%,0.0%,1,0.00,0.00%,0.00,87.03%,0.00,9.86%,0.00,3.11%,0.00,686.71,1052.21,1417.71,2.80%,14.8%,1,655.22,0.00%,1650.51,87.03%,1826.15,9.86%,1003.96,3.11%,1647.72,0,0,0,-24.00%,0.0%,1,0.00,0.00%,0.00,87.03%,0.00,9.86%,0.00,3.11%,0.00,66,125.8,185.6,2.80%,14.8%,1,62.97,0.00%,197.33,87.03%,239.07,9.86%,120.03,3.11%,199.04
,拉矢,2,,伞～(连中风墙小纵),5,32.0%,228345.91,2.63%,110.30%,1,87.03%,9.86%,100.00%,伞,17.00%,3081.85,3161.85,3241.85,29.25%,10.0%,1,5148.21,0.00%,10584.82,87.03%,7310.91,9.86%,5281.85,3.11%,10097.09,421.59,421.59,421.59,29.25%,10.0%,1,599.40,0.00%,1201.19,87.03%,809.18,9.86%,599.40,3.11%,1143.82,0,0,0,-24.00%,0.0%,1,0.00,0.00%,0.00,87.03%,0.00,9.86%,0.00,3.11%,0.00,0,0,0,-24.00%,0.0%,1,0.00,0.00%,0.00,87.03%,0.00,9.86%,0.00,3.11%,0.00,686.71,1052.21,1417.71,2.80%,24.8%,1,1552.67,0.00%,4767.67,87.03%,4327.40,9.86%,2379.08,3.11%,4649.97,0,0,0,-24.00%,0.0%,1,0.00,0.00%,0.00,87.03%,0.00,9.86%,0.00,3.11%,0.00,66,125.8,185.6,2.80%,24.8%,1,149.23,0.00%,570.01,87.03%,566.52,9.86%,284.44,3.11%,560.79
,骑龙,2,,伞～(连中风墙小纵),4,32.0%,255747.42,2.95%,110.30%,1,87.03%,9.86%,100.00%,伞,17.00%,3081.85,3161.85,3241.85,29.25%,10.0%,1,5148.21,0.00%,10584.82,87.03%,7310.91,9.86%,5281.85,3.11%,10097.09,421.59,421.59,421.59,29.25%,10.0%,1,599.40,0.00%,1201.19,87.03%,809.18,9.86%,599.40,3.11%,1143.82,0,0,0,-24.00%,0.0%,1,0.00,0.00%,0.00,87.03%,0.00,9.86%,0.00,3.11%,0.00,0,0,0,-24.00%,0.0%,1,0.00,0.00%,0.00,87.03%,0.00,9.86%,0.00,3.11%,0.00,686.71,1052.21,1417.71,2.80%,24.8%,1,1552.67,0.00%,4767.67,87.03%,4327.40,9.86%,2379.08,3.11%,4649.97,0,0,0,-24.00%,0.0%,1,0.00,0.00%,0.00,87.03%,0.00,9.86%,0.00,3.11%,0.00,66,125.8,185.6,2.80%,24.8%,1,149.23,0.00%,570.01,87.03%,566.52,9.86%,284.44,3.11%,560.79
,等待+伞Q,2.25,,扇左蓄(风墙5惊春小纵),1,,107578.08,1.24%,98.70%,1,87.03%,9.86%,100.00%,扇,8.40%,3081.85,3161.85,3241.85,29.25%,10.0%,1,12099.32,0.00%,24876.45,87.03%,17182.09,9.86%,12413.40,3.11%,23730.18,993.40,993.40,993.40,29.25%,10.0%,1,1412.36,0.00%,2830.37,87.03%,1906.69,9.86%,1412.36,3.11%,2695.19,0,0,0,-24.00%,0.0%,1,0.00,0.00%,0.00,87.03%,0.00,9.86%,0.00,3.11%,0.00,0,0,0,-24.00%,0.0%,1,0.00,0.00%,0.00,87.03%,0.00,9.86%,0.00,3.11%,0.00,686.71,1052.21,1417.71,2.80%,24.8%,1,3649.21,0.00%,11205.35,87.03%,10170.59,9.86%,5591.49,3.11%,10928.73,0,0,0,-24.00%,0.0%,1,0.00,0.00%,0.00,87.03%,0.00,9.86%,0.00,3.11%,0.00,66,125.8,185.6,2.80%,24.8%,1,350.73,0.00%,1339.69,87.03%,1331.49,9.86%,668.51,3.11%,1318.01
大纵,伞派生,1.3,断,伞Q(连中风墙小纵),1,,96476.71,1.11%,110.30%,1,87.03%,9.86%,100.00%,伞,17.00%,3081.85,3161.85,3241.85,29.25%,10.0%,1,10251.68,0.00%,21077.66,87.03%,14558.28,9.86%,10517.79,3.11%,20106.44,842.40,842.40,842.40,29.25%,10.0%,1,1197.68,0.00%,2400.16,87.03%,1616.87,9.86%,1197.68,3.11%,2285.53,0,0,0,-24.00%,0.0%,1,0.00,0.00%,0.00,87.03%,0.00,9.86%,0.00,3.11%,0.00,0,0,0,-24.00%,0.0%,1,0.00,0.00%,0.00,87.03%,0.00,9.86%,0.00,3.11%,0.00,686.71,1052.21,1417.71,2.80%,24.8%,1,3091.91,0.00%,9494.08,87.03%,8617.36,9.86%,4737.57,3.11%,9259.71,0,0,0,-24.00%,0.0%,1,0.00,0.00%,0.00,87.03%,0.00,9.86%,0.00,3.11%,0.00,66,125.8,185.6,2.80%,24.8%,1,297.16,0.00%,1135.09,87.03%,1128.14,9.86%,566.41,3.11%,1116.72
,丢伞,1.16,,伞重击派生(小纵),1,,44174.32,0.51%,62.30%,1,87.03%,9.86%,100.00%,伞,17.00%,3081.85,3161.85,3241.85,26.75%,10.0%,1,7302.53,0.00%,12317.00,87.03%,10370.23,9.86%,7492.09,3.11%,11974.99,510.90,510.90,510.90,26.75%,10.0%,1,712.32,0.00%,1171.06,87.03%,961.64,9.86%,712.32,3.11%,1136.14,0,0,0,-24.00%,0.0%,1,0.00,0.00%,0.00,87.03%,0.00,9.86%,0.00,3.11%,0.00,0,0,0,-24.00%,0.0%,1,0.00,0.00%,0.00,87.03%,0.00,9.86%,0.00,3.11%,0.00,686.71,1052.21,1417.71,2.80%,24.8%,1,2245.87,0.00%,5657.39,87.03%,6259.40,9.86%,3441.23,3.11%,5647.82,0,0,0,-24.00%,0.0%,1,0.00,0.00%,0.00,87.03%,0.00,9.86%,0.00,3.11%,0.00,66,125.8,185.6,2.80%,24.8%,1,215.85,0.00%,676.39,87.03%,819.45,9.86%,411.43,3.11%,682.25
,切武器,0.1,,丢伞(大纵),1,,12396.37,0.14%,50.30%,1,87.03%,9.86%,100.00%,伞,17.00%,3324.7,3404.7,3484.7,26.75%,0.0%,1,2271.38,0.00%,3824.00,87.03%,3213.93,9.86%,2326.03,3.11%,3717.26,161.86,161.86,161.86,26.75%,0.0%,1,205.16,0.00%,337.28,87.03%,276.97,9.86%,205.16,3.11%,327.23,0,0,0,-24.00%,0.0%,1,0.00,0.00%,0.00,87.03%,0.00,9.86%,0.00,3.11%,0.00,0,0,0,-24.00%,0.0%,1,0.00,0.00%,0.00,87.03%,0.00,9.86%,0.00,3.11%,0.00,686.71,1052.21,1417.71,2.80%,14.8%,1,655.22,0.00%,1650.51,87.03%,1826.15,9.86%,1003.96,3.11%,1647.72,0,0,0,-24.00%,0.0%,1,0.00,0.00%,0.00,87.03%,0.00,9.86%,0.00,3.11%,0.00,66,125.8,185.6,2.80%,14.8%,1,62.97,0.00%,197.33,87.03%,239.07,9.86%,120.03,3.11%,199.04
,风墙,1,,扇Q(大纵),1,,20096.32,0.23%,41.70%,1,87.03%,9.86%,100.00%,扇,8.40%,3324.7,3404.7,3484.7,26.75%,0.0%,1,3904.75,0.00%,6573.87,87.03%,5525.09,9.86%,3998.70,3.11%,6390.37,279.50,279.50,279.50,26.75%,0.0%,1,354.27,0.00%,582.41,87.03%,478.26,9.86%,354.27,3.11%,565.05,0,0,0,-24.00%,0.0%,1,0.00,0.00%,0.00,87.03%,0.00,9.86%,0.00,3.11%,0.00,0,0,0,-24.00%,0.0%,1,0.00,0.00%,0.00,87.03%,0.00,9.86%,0.00,3.11%,0.00,686.71,1052.21,1417.71,2.80%,14.8%,1,1126.40,0.00%,2837.41,87.03%,3139.35,9.86%,1725.92,3.11%,2832.62,0,0,0,-24.00%,0.0%,1,0.00,0.00%,0.00,87.03%,0.00,9.86%,0.00,3.11%,0.00,66,125.8,185.6,2.80%,14.8%,1,108.26,0.00%,339.24,87.03%,410.99,9.86%,206.35,3.11%,342.18
,龙卷风+后摇打断,1.4,,扇普通重击派生(风墙大纵),1,,55592.50,0.64%,51.70%,1,87.03%,9.86%,100.00%,扇,8.40%,3324.7,3404.7,3484.7,26.75%,10.0%,1,8386.99,0.00%,17211.96,87.03%,11867.32,9.86%,8588.80,3.11%,16416.79,652.21,652.21,652.21,26.75%,10.0%,1,909.34,0.00%,1822.32,87.03%,1227.61,9.86%,909.34,3.11%,1735.29,0,0,0,-24.00%,0.0%,1,0.00,0.00%,0.00,87.03%,0.00,9.86%,0.00,3.11%,0.00,0,0,0,-24.00%,0.0%,1,0.00,0.00%,0.00,87.03%,0.00,9.86%,0.00,3.11%,0.00,686.71,1052.21,1417.71,2.80%,24.8%,1,2390.90,0.00%,7341.57,87.03%,6663.62,9.86%,3663.46,3.11%,7160.33,0,0,0,-24.00%,0.0%,1,0.00,0.00%,0.00,87.03%,0.00,9.86%,0.00,3.11%,0.00,66,125.8,185.6,2.80%,24.8%,1,229.79,0.00%,877.74,87.03%,872.37,9.86%,438.00,3.11%,863.54
,强化派生,2.5,,扇左蓄(风墙3惊春大纵),1,,103246.80,1.19%,90.70%,1,87.03%,9.86%,100.00%,扇,8.40%,3081.85,3161.85,3241.85,29.25%,10.0%,1,12099.32,0.00%,24876.45,87.03%,17182.09,9.86%,12413.40,3.11%,23730.18,993.40,993.40,993.40,29.25%,10.0%,1,1412.36,0.00%,2830.37,87.03%,1906.69,9.86%,1412.36,3.11%,2695.19,0,0,0,-24.00%,0.0%,1,0.00,0.00%,0.00,87.03%,0.00,9.86%,0.00,3.11%,0.00,0,0,0,-24.00%,0.0%,1,0.00,0.00%,0.00,87.03%,0.00,9.86%,0.00,3.11%,0.00,686.71,1052.21,1417.71,2.80%,24.8%,1,3649.21,0.00%,11205.35,87.03%,10170.59,9.86%,5591.49,3.11%,10928.73,0,0,0,-24.00%,0.0%,1,0.00,0.00%,0.00,87.03%,0.00,9.86%,0.00,3.11%,0.00,66,125.8,185.6,2.80%,24.8%,1,350.73,0.00%,1339.69,87.03%,1331.49,9.86%,668.51,3.11%,1318.01
,切武器,0.1,,伞～(连中风墙大纵),10,32.0%,669454.82,7.72%,110.30%,1,87.03%,9.86%,100.00%,伞,17.00%,3324.7,3404.7,3484.7,29.25%,10.0%,1,5553.89,0.00%,11397.80,87.03%,7858.57,9.86%,5687.53,3.11%,10871.24,421.59,421.59,421.59,29.25%,10.0%,1,599.40,0.00%,1201.19,87.03%,809.18,9.86%,599.40,3.11%,1143.82,0,0,0,-24.00%,0.0%,1,0.00,0.00%,0.00,87.03%,0.00,9.86%,0.00,3.11%,0.00,0,0,0,-24.00%,0.0%,1,0.00,0.00%,0.00,87.03%,0.00,9.86%,0.00,3.11%,0.00,686.71,1052.21,1417.71,2.80%,24.8%,1,1552.67,0.00%,4767.67,87.03%,4327.40,9.86%,2379.08,3.11%,4649.97,0,0,0,-24.00%,0.0%,1,0.00,0.00%,0.00,87.03%,0.00,9.86%,0.00,3.11%,0.00,66,125.8,185.6,2.80%,24.8%,1,149.23,0.00%,570.01,87.03%,566.52,9.86%,284.44,3.11%,560.79
,伞Q,1.25,,伞Q(连中风墙大纵),1,,101015.43,1.16%,110.30%,1,87.03%,9.86%,100.00%,伞,17.00%,3324.7,3404.7,3484.7,29.25%,10.0%,1,11059.51,0.00%,22696.56,87.03%,15648.86,9.86%,11325.63,3.11%,21648.02,842.40,842.40,842.40,29.25%,10.0%,1,1197.68,0.00%,2400.16,87.03%,1616.87,9.86%,1197.68,3.11%,2285.53,0,0,0,-24.00%,0.0%,1,0.00,0.00%,0.00,87.03%,0.00,9.86%,0.00,3.11%,0.00,0,0,0,-24.00%,0.0%,1,0.00,0.00%,0.00,87.03%,0.00,9.86%,0.00,3.11%,0.00,686.71,1052.21,1417.71,2.80%,24.8%,1,3091.91,0.00%,9494.08,87.03%,8617.36,9.86%,4737.57,3.11%,9259.71,0,0,0,-24.00%,0.0%,1,0.00,0.00%,0.00,87.03%,0.00,9.86%,0.00,3.11%,0.00,66,125.8,185.6,2.80%,24.8%,1,297.16,0.00%,1135.09,87.03%,1128.14,9.86%,566.41,3.11%,1116.72
,伞派生,1.3,,伞Q(连中风墙大纵气竭),1,,125733.34,1.45%,120.30%,1,87.03%,9.86%,100.00%,伞,17.00%,3324.7,3404.7,3484.7,41.75%,10.0%,1,12129.09,0.00%,27996.82,87.03%,17162.28,9.86%,12420.95,3.11%,26444.12,842.40,842.40,842.40,41.75%,10.0%,1,1313.51,0.00%,2960.66,87.03%,1773.24,9.86%,1313.51,3.11%,2792.35,0,0,0,-24.00%,0.0%,1,0.00,0.00%,0.00,87.03%,0.00,9.86%,0.00,3.11%,0.00,0,0,0,-24.00%,0.0%,1,0.00,0.00%,0.00,87.03%,0.00,9.86%,0.00,3.11%,0.00,686.71,1052.21,1417.71,2.80%,24.8%,1,3091.91,0.00%,10678.48,87.03%,8617.36,9.86%,4737.57,3.11%,10290.49,0,0,0,-24.00%,0.0%,1,0.00,0.00%,0.00,87.03%,0.00,9.86%,0.00,3.11%,0.00,66,125.8,185.6,2.80%,24.8%,1,297.16,0.00%,1276.70,87.03%,1128.14,9.86%,566.41,3.11%,1239.96
,丢伞,1.16,,丢伞(大纵气竭),1,,16022.92,0.18%,60.30%,1,87.03%,9.86%,100.00%,伞,17.00%,3324.7,3404.7,3484.7,39.25%,0.0%,1,2495.38,0.00%,4839.97,87.03%,3530.88,9.86%,2555.42,3.11%,4639.85,161.86,161.86,161.86,39.25%,0.0%,1,225.39,0.00%,426.89,87.03%,304.28,9.86%,225.39,3.11%,408.54,0,0,0,-24.00%,0.0%,1,0.00,0.00%,0.00,87.03%,0.00,9.86%,0.00,3.11%,0.00,0,0,0,-24.00%,0.0%,1,0.00,0.00%,0.00,87.03%,0.00,9.86%,0.00,3.11%,0.00,686.71,1052.21,1417.71,2.80%,14.8%,1,655.22,0.00%,1901.50,87.03%,1826.15,9.86%,1003.96,3.11%,1866.16,0,0,0,-24.00%,0.0%,1,0.00,0.00%,0.00,87.03%,0.00,9.86%,0.00,3.11%,0.00,66,125.8,185.6,2.80%,14.8%,1,62.97,0.00%,227.34,87.03%,239.07,9.86%,120.03,3.11%,225.16
,切武器,0.1,,伞～(连中风墙大纵气竭),10,32.0%,833261.57,9.60%,120.30%,1,87.03%,9.86%,100.00%,伞,17.00%,3324.7,3404.7,3484.7,41.75%,10.0%,1,6091.01,0.00%,14059.50,87.03%,8618.59,9.86%,6237.58,3.11%,13279.76,421.59,421.59,421.59,41.75%,10.0%,1,657.36,0.00%,1481.70,87.03%,887.44,9.86%,657.36,3.11%,1397.47,0,0,0,-24.00%,0.0%,1,0.00,0.00%,0.00,87.03%,0.00,9.86%,0.00,3.11%,0.00,0,0,0,-24.00%,0.0%,1,0.00,0.00%,0.00,87.03%,0.00,9.86%,0.00,3.11%,0.00,686.71,1052.21,1417.71,2.80%,24.8%,1,1552.67,0.00%,5362.44,87.03%,4327.40,9.86%,2379.08,3.11%,5167.60,0,0,0,-24.00%,0.0%,1,0.00,0.00%,0.00,87.03%,0.00,9.86%,0.00,3.11%,0.00,66,125.8,185.6,2.80%,24.8%,1,149.23,0.00%,641.12,87.03%,566.52,9.86%,284.44,3.11%,622.67
,龙卷风,1.5,,叶龙骧首(大纵气竭75%HP),1,,893926.13,10.30%,105.80%,1,87.03%,9.86%,100.00%,单体奇术,0.00%,3324.7,3404.7,3484.7,39.25%,0.0%,1,116661.80,0.00%,226274.19,87.03%,165072.74,9.86%,119468.95,3.11%,216918.09,4521.44,4521.44,4521.44,39.25%,0.0%,1,6296.11,0.00%,11924.82,87.03%,8499.74,9.86%,6296.11,3.11%,11412.06,0,0,0,-24.00%,0.0%,1,0.00,0.00%,0.00,87.03%,0.00,9.86%,0.00,3.11%,0.00,0,0,0,-24.00%,0.0%,1,0.00,0.00%,0.00,87.03%,0.00,9.86%,0.00,3.11%,0.00,490.8,856.3,1221.8,2.80%,14.8%,1,21893.33,0.00%,72345.78,87.03%,73576.84,9.86%,38197.35,3.11%,71405.14,0,0,0,-24.00%,0.0%,1,0.00,0.00%,0.00,87.03%,0.00,9.86%,0.00,3.11%,0.00,66,125.8,185.6,2.80%,14.8%,1,2944.09,0.00%,10628.40,87.03%,11176.84,9.86%,5611.62,3.11%,10526.45
,风墙,1,,N/A,1,,0.00,0.00%,30.30%,1,87.03%,9.86%,100.00%,N/A,0.00%,2839,2919,2999,26.75%,0.0%,1,0.00,0.00%,0.00,87.03%,0.00,9.86%,0.00,3.11%,0.00,0.00,0.00,0.00,26.75%,0.0%,1,0.00,0.00%,0.00,87.03%,0.00,9.86%,0.00,3.11%,0.00,0,0,0,-24.00%,0.0%,1,0.00,0.00%,0.00,87.03%,0.00,9.86%,0.00,3.11%,0.00,0,0,0,-24.00%,0.0%,1,0.00,0.00%,0.00,87.03%,0.00,9.86%,0.00,3.11%,0.00,490.8,856.3,1221.8,2.80%,14.8%,1,0.00,0.00%,0.00,87.03%,0.00,9.86%,0.00,3.11%,0.00,0,0,0,-24.00%,0.0%,1,0.00,0.00%,0.00,87.03%,0.00,9.86%,0.00,3.11%,0.00,66,125.8,185.6,2.80%,14.8%,1,0.00,0.00%,0.00,87.03%,0.00,9.86%,0.00,3.11%,0.00
,强化派生,2.5,,N/A,1,,0.00,0.00%,30.30%,1,87.03%,9.86%,100.00%,N/A,0.00%,2839,2919,2999,26.75%,0.0%,1,0.00,0.00%,0.00,87.03%,0.00,9.86%,0.00,3.11%,0.00,0.00,0.00,0.00,26.75%,0.0%,1,0.00,0.00%,0.00,87.03%,0.00,9.86%,0.00,3.11%,0.00,0,0,0,-24.00%,0.0%,1,0.00,0.00%,0.00,87.03%,0.00,9.86%,0.00,3.11%,0.00,0,0,0,-24.00%,0.0%,1,0.00,0.00%,0.00,87.03%,0.00,9.86%,0.00,3.11%,0.00,490.8,856.3,1221.8,2.80%,14.8%,1,0.00,0.00%,0.00,87.03%,0.00,9.86%,0.00,3.11%,0.00,0,0,0,-24.00%,0.0%,1,0.00,0.00%,0.00,87.03%,0.00,9.86%,0.00,3.11%,0.00,66,125.8,185.6,2.80%,14.8%,1,0.00,0.00%,0.00,87.03%,0.00,9.86%,0.00,3.11%,0.00
,切武器,0.1,,易水歌6重,1,,10594.12,0.12%,35.30%,1,87.03%,9.86%,100.00%,N/A,0.00%,2839,2919,2999,26.75%,0.0%,1,3598.43,0.00%,6082.52,87.03%,5131.66,9.86%,3699.83,3.11%,5914.67,0.00,0.00,0.00,26.75%,0.0%,1,0.00,0.00%,0.00,87.03%,0.00,9.86%,0.00,3.11%,0.00,0,0,0,-24.00%,0.0%,1,0.00,0.00%,0.00,87.03%,0.00,9.86%,0.00,3.11%,0.00,0,0,0,-24.00%,0.0%,1,0.00,0.00%,0.00,87.03%,0.00,9.86%,0.00,3.11%,0.00,490.8,856.3,1221.8,2.80%,14.8%,1,579.21,0.00%,1661.36,87.03%,1946.56,9.86%,1010.56,3.11%,1669.24,0,0,0,-24.00%,0.0%,1,0.00,0.00%,0.00,87.03%,0.00,9.86%,0.00,3.11%,0.00,66,125.8,185.6,2.80%,14.8%,1,77.89,0.00%,244.07,87.03%,295.70,9.86%,148.46,3.11%,246.19
,伞Q,1.25,,易水歌6重(小纵),1,,11508.01,0.13%,38.30%,1,87.03%,9.86%,100.00%,N/A,0.00%,3081.85,3161.85,3241.85,26.75%,0.0%,1,3906.24,0.00%,6588.57,87.03%,5547.21,9.86%,4007.64,3.11%,6405.62,0.00,0.00,0.00,26.75%,0.0%,1,0.00,0.00%,0.00,87.03%,0.00,9.86%,0.00,3.11%,0.00,0,0,0,-24.00%,0.0%,1,0.00,0.00%,0.00,87.03%,0.00,9.86%,0.00,3.11%,0.00,0,0,0,-24.00%,0.0%,1,0.00,0.00%,0.00,87.03%,0.00,9.86%,0.00,3.11%,0.00,490.8,856.3,1221.8,2.80%,14.8%,1,579.21,0.00%,1661.36,87.03%,1946.56,9.86%,1010.56,3.11%,1669.24,0,0,0,-24.00%,0.0%,1,0.00,0.00%,0.00,87.03%,0.00,9.86%,0.00,3.11%,0.00,66,125.8,185.6,2.80%,14.8%,1,77.89,0.00%,244.07,87.03%,295.70,9.86%,148.46,3.11%,246.19
,伞R,0.8,,易水歌6重(大纵断石),1,,14364.21,0.17%,33.30%,1,87.03%,9.86%,100.00%,N/A,0.00%,3324.7,3404.7,3484.7,39.25%,0.0%,1,4629.64,0.00%,8979.54,87.03%,6550.80,9.86%,4741.04,3.11%,8608.25,0.00,0.00,0.00,39.25%,0.0%,1,0.00,0.00%,0.00,87.03%,0.00,9.86%,0.00,3.11%,0.00,0,0,0,-24.00%,0.0%,1,0.00,0.00%,0.00,87.03%,0.00,9.86%,0.00,3.11%,0.00,0,0,0,-24.00%,0.0%,1,0.00,0.00%,0.00,87.03%,0.00,9.86%,0.00,3.11%,0.00,490.8,856.3,1221.8,2.80%,14.8%,1,579.21,0.00%,1914.00,87.03%,1946.56,9.86%,1010.56,3.11%,1889.11,0,0,0,-24.00%,0.0%,1,0.00,0.00%,0.00,87.03%,0.00,9.86%,0.00,3.11%,0.00,66,125.8,185.6,2.80%,14.8%,1,77.89,0.00%,281.19,87.03%,295.70,9.86%,148.46,3.11%,278.49
,丢伞,1.16,,易水歌6重(大纵气竭),1,,15441.79,0.18%,43.30%,1,87.03%,9.86%,100.00%,N/A,0.00%,3324.7,3404.7,3484.7,39.25%,0.0%,1,4629.64,0.00%,8979.54,87.03%,6550.80,9.86%,4741.04,3.11%,8608.25,0.00,0.00,0.00,39.25%,0.0%,1,0.00,0.00%,0.00,87.03%,0.00,9.86%,0.00,3.11%,0.00,0,0,0,-24.00%,0.0%,1,0.00,0.00%,0.00,87.03%,0.00,9.86%,0.00,3.11%,0.00,0,0,0,-24.00%,0.0%,1,0.00,0.00%,0.00,87.03%,0.00,9.86%,0.00,3.11%,0.00,490.8,856.3,1221.8,2.80%,14.8%,1,579.21,0.00%,1914.00,87.03%,1946.56,9.86%,1010.56,3.11%,1889.11,0,0,0,-24.00%,0.0%,1,0.00,0.00%,0.00,87.03%,0.00,9.86%,0.00,3.11%,0.00,66,125.8,185.6,2.80%,14.8%,1,77.89,0.00%,281.19,87.03%,295.70,9.86%,148.46,3.11%,278.49
,移动金身,2,,易水歌6重(大纵),1,,11746.40,0.14%,33.30%,1,87.03%,9.86%,100.00%,N/A,0.00%,3324.7,3404.7,3484.7,26.75%,0.0%,1,4214.06,0.00%,7094.61,87.03%,5962.76,9.86%,4315.46,3.11%,6896.58,0.00,0.00,0.00,26.75%,0.0%,1,0.00,0.00%,0.00,87.03%,0.00,9.86%,0.00,3.11%,0.00,0,0,0,-24.00%,0.0%,1,0.00,0.00%,0.00,87.03%,0.00,9.86%,0.00,3.11%,0.00,0,0,0,-24.00%,0.0%,1,0.00,0.00%,0.00,87.03%,0.00,9.86%,0.00,3.11%,0.00,490.8,856.3,1221.8,2.80%,14.8%,1,579.21,0.00%,1661.36,87.03%,1946.56,9.86%,1010.56,3.11%,1669.24,0,0,0,-24.00%,0.0%,1,0.00,0.00%,0.00,87.03%,0.00,9.86%,0.00,3.11%,0.00,66,125.8,185.6,2.80%,14.8%,1,77.89,0.00%,244.07,87.03%,295.70,9.86%,148.46,3.11%,246.19
易伤,切武器,0.1,,易水歌6重(小纵),1,,11091.96,0.13%,33.30%,1,87.03%,9.86%,100.00%,N/A,0.00%,3081.85,3161.85,3241.85,26.75%,0.0%,1,3906.24,0.00%,6588.57,87.03%,5547.21,9.86%,4007.64,3.11%,6405.62,0.00,0.00,0.00,26.75%,0.0%,1,0.00,0.00%,0.00,87.03%,0.00,9.86%,0.00,3.11%,0.00,0,0,0,-24.00%,0.0%,1,0.00,0.00%,0.00,87.03%,0.00,9.86%,0.00,3.11%,0.00,0,0,0,-24.00%,0.0%,1,0.00,0.00%,0.00,87.03%,0.00,9.86%,0.00,3.11%,0.00,490.8,856.3,1221.8,2.80%,14.8%,1,579.21,0.00%,1661.36,87.03%,1946.56,9.86%,1010.56,3.11%,1669.24,0,0,0,-24.00%,0.0%,1,0.00,0.00%,0.00,87.03%,0.00,9.86%,0.00,3.11%,0.00,66,125.8,185.6,2.80%,14.8%,1,77.89,0.00%,244.07,87.03%,295.70,9.86%,148.46,3.11%,246.19
,龙卷风,1.5,,易水歌6重(小纵),1,,15528.74,0.18%,33.30%,1,87.03%,9.86%,100.00%,N/A,0.00%,3081.85,3161.85,3241.85,26.75%,0.0%,1,3906.24,0.00%,6588.57,87.03%,5547.21,9.86%,4007.64,3.11%,6405.62,0.00,0.00,0.00,26.75%,0.0%,1,0.00,0.00%,0.00,87.03%,0.00,9.86%,0.00,3.11%,0.00,0,0,0,-24.00%,0.0%,1,0.00,0.00%,0.00,87.03%,0.00,9.86%,0.00,3.11%,0.00,0,0,0,-24.00%,0.0%,1,0.00,0.00%,0.00,87.03%,0.00,9.86%,0.00,3.11%,0.00,490.8,856.3,1221.8,2.80%,14.8%,1,579.21,0.00%,1661.36,87.03%,1946.56,9.86%,1010.56,3.11%,1669.24,0,0,0,-24.00%,0.0%,1,0.00,0.00%,0.00,87.03%,0.00,9.86%,0.00,3.11%,0.00,66,125.8,185.6,2.80%,14.8%,1,77.89,0.00%,244.07,87.03%,295.70,9.86%,148.46,3.11%,246.19
,切武器等待,0.9,,易水歌6重(大纵气竭),1,,21618.51,0.25%,43.30%,1,87.03%,9.86%,100.00%,N/A,0.00%,3324.7,3404.7,3484.7,39.25%,0.0%,1,4629.64,0.00%,8979.54,87.03%,6550.80,9.86%,4741.04,3.11%,8608.25,0.00,0.00,0.00,39.25%,0.0%,1,0.00,0.00%,0.00,87.03%,0.00,9.86%,0.00,3.11%,0.00,0,0,0,-24.00%,0.0%,1,0.00,0.00%,0.00,87.03%,0.00,9.86%,0.00,3.11%,0.00,0,0,0,-24.00%,0.0%,1,0.00,0.00%,0.00,87.03%,0.00,9.86%,0.00,3.11%,0.00,490.8,856.3,1221.8,2.80%,14.8%,1,579.21,0.00%,1914.00,87.03%,1946.56,9.86%,1010.56,3.11%,1889.11,0,0,0,-24.00%,0.0%,1,0.00,0.00%,0.00,87.03%,0.00,9.86%,0.00,3.11%,0.00,66,125.8,185.6,2.80%,14.8%,1,77.89,0.00%,281.19,87.03%,295.70,9.86%,148.46,3.11%,278.49
,伞Q,1.25,,,,,,,,,,,,,,,,,,,,,,,,,,,,,,,,,,,,,,,,,,,,,,,,,,,,,,,,,,,,,,,,,,,,,,,,,,,,,,,,,,,,,,,,,,,,,,,,,,,,,,,,,,,,,,,,,,,,,,
,伞派生,1.3,,,,,,,,,,,,,,,,,,,,,,,,,,,,,,,,,,,,,,,,,,,,,,,,,,,,,,,,,,,,,,,,,,,,,,,,,,,,,,,,,,,,,,,,,,,,,,,,,,,,,,,,,,,,,,,,,,,,,,
30%,丢伞,1.16,,,,,,,,,,,,,,,,,,,,,,,,,,,,,,,,,,,,,,,,,,,,,,,,,,,,,,,,,,,,,,,,,,,,,,,,,,,,,,,,,,,,,,,,,,,,,,,,,,,,,,,,,,,,,,,,,,,,,,
,切武器,0.1,,,,,,,,,,,,,,,,,,,,,,,,,,,,,,,,,,,,,,,,,,,,,,,,,,,,,,,,,,,,,,,,,,,,,,,,,,,,,,,,,,,,,,,,,,,,,,,,,,,,,,,,,,,,,,,,,,,,,,
,风墙+派生,1.93,,,,,,,,,,,,,,,,,,,,,,,,,,,,,,,,,,,,,,,,,,,,,,,,,,,,,,,,,,,,,,,,,,,,,,,,,,,,,,,,,,,,,,,,,,,,,,,,,,,,,,,,,,,,,,,,,,,,,,
,龙卷风,1.5,,,,,,,,,,,,,,,,,,,,,,,,,,,,,,,,,,,,,,,,,,,,,,,,,,,,,,,,,,,,,,,,,,,,,,,,,,,,,,,,,,,,,,,,,,,,,,,,,,,,,,,,,,,,,,,,,,,,,,
,切武器等待,0.9,,,,,,,,,,,,,,,,,,,,,,,,,,,,,,,,,,,,,,,,,,,,,,,,,,,,,,,,,,,,,,,,,,,,,,,,,,,,,,,,,,,,,,,,,,,,,,,,,,,,,,,,,,,,,,,,,,,,,,
,伞Q,1.25,,,,,,,,,,,,,,,,,,,,,,,,,,,,,,,,,,,,,,,,,,,,,,,,,,,,,,,,,,,,,,,,,,,,,,,,,,,,,,,,,,,,,,,,,,,,,,,,,,,,,,,,,,,,,,,,,,,,,,
气竭,伞Q,1.25,,,,,,,,,,,,,,,,,,,,,,,,,,,,,,,,,,,,,,,,,,,,,,,,,,,,,,,,,,,,,,,,,,,,,,,,,,,,,,,,,,,,,,,,,,,,,,,,,,,,,,,,,,,,,,,,,,,,,,
,丢伞,1.16,,,,,,,,,,,,,,,,,,,,,,,,,,,,,,,,,,,,,,,,,,,,,,,,,,,,,,,,,,,,,,,,,,,,,,,,,,,,,,,,,,,,,,,,,,,,,,,,,,,,,,,,,,,,,,,,,,,,,,
,叶龙出伤,5,,,,,,,,,,,,,,,,,,,,,,,,,,,,,,,,,,,,,,,,,,,,,,,,,,,,,,,,,,,,,,,,,,,,,,,,,,,,,,,,,,,,,,,,,,,,,,,,,,,,,,,,,,,,,,,,,,,,,,
,,,,,,,,,,,,,,,,,,,,,,,,,,,,,,,,,,,,,,,,,,,,,,,,,,,,,,,,,,,,,,,,,,,,,,,,,,,,,,,,,,,,,,,,,,,,,,,,,,,,,,,,,,,,,,,,,,,,,,,,
,,,,,,,,,,,,,,,,,,,,,,,,,,,,,,,,,,,,,,,,,,,,,,,,,,,,,,,,,,,,,,,,,,,,,,,,,,,,,,,,,,,,,,,,,,,,,,,,,,,,,,,,,,,,,,,,,,,,,,,,
,,,,,,,,,,,,,,,,,,,,,,,,,,,,,,,,,,,,,,,,,,,,,,,,,,,,,,,,,,,,,,,,,,,,,,,,,,,,,,,,,,,,,,,,,,,,,,,,,,,,,,,,,,,,,,,,,,,,,,,,
,,,,,,,,,,,,,,,,,,,,,,,,,,,,,,,,,,,,,,,,,,,,,,,,,,,,,,,,,,,,,,,,,,,,,,,,,,,,,,,,,,,,,,,,,,,,,,,,,,,,,,,,,,,,,,,,,,,,,,,,
,,,,,,,,,,,,,,,,,,,,,,,,,,,,,,,,,,,,,,,,,,,,,,,,,,,,,,,,,,,,,,,,,,,,,,,,,,,,,,,,,,,,,,,,,,,,,,,,,,,,,,,,,,,,,,,,,,,,,,,,
,,,,,,,,,,,,,,,,,,,,,,,,,,,,,,,,,,,,,,,,,,,,,,,,,,,,,,,,,,,,,,,,,,,,,,,,,,,,,,,,,,,,,,,,,,,,,,,,,,,,,,,,,,,,,,,,,,,,,,,,
,,,,,,,,,,,,,,,,,,,,,,,,,,,,,,,,,,,,,,,,,,,,,,,,,,,,,,,,,,,,,,,,,,,,,,,,,,,,,,,,,,,,,,,,,,,,,,,,,,,,,,,,,,,,,,,,,,,,,,,,
,,,,,,,,,,,,,,,,,,,,,,,,,,,,,,,,,,,,,,,,,,,,,,,,,,,,,,,,,,,,,,,,,,,,,,,,,,,,,,,,,,,,,,,,,,,,,,,,,,,,,,,,,,,,,,,,,,,,,,,,
,,,,,,,,,,,,,,,,,,,,,,,,,,,,,,,,,,,,,,,,,,,,,,,,,,,,,,,,,,,,,,,,,,,,,,,,,,,,,,,,,,,,,,,,,,,,,,,,,,,,,,,,,,,,,,,,,,,,,,,,
,,,,,,,,,,,,,,,,,,,,,,,,,,,,,,,,,,,,,,,,,,,,,,,,,,,,,,,,,,,,,,,,,,,,,,,,,,,,,,,,,,,,,,,,,,,,,,,,,,,,,,,,,,,,,,,,,,,,,,,,
,,,,,,,,,,,,,,,,,,,,,,,,,,,,,,,,,,,,,,,,,,,,,,,,,,,,,,,,,,,,,,,,,,,,,,,,,,,,,,,,,,,,,,,,,,,,,,,,,,,,,,,,,,,,,,,,,,,,,,,,
,,,,,,,,,,,,,,,,,,,,,,,,,,,,,,,,,,,,,,,,,,,,,,,,,,,,,,,,,,,,,,,,,,,,,,,,,,,,,,,,,,,,,,,,,,,,,,,,,,,,,,,,,,,,,,,,,,,,,,,,
,,,,,,,,,,,,,,,,,,,,,,,,,,,,,,,,,,,,,,,,,,,,,,,,,,,,,,,,,,,,,,,,,,,,,,,,,,,,,,,,,,,,,,,,,,,,,,,,,,,,,,,,,,,,,,,,,,,,,,,,
,,,,,,,,,,,,,,,,,,,,,,,,,,,,,,,,,,,,,,,,,,,,,,,,,,,,,,,,,,,,,,,,,,,,,,,,,,,,,,,,,,,,,,,,,,,,,,,,,,,,,,,,,,,,,,,,,,,,,,,,
,,,,,,,,,,,,,,,,,,,,,,,,,,,,,,,,,,,,,,,,,,,,,,,,,,,,,,,,,,,,,,,,,,,,,,,,,,,,,,,,,,,,,,,,,,,,,,,,,,,,,,,,,,,,,,,,,,,,,,,,
,,,,,,,,,,,,,,,,,,,,,,,,,,,,,,,,,,,,,,,,,,,,,,,,,,,,,,,,,,,,,,,,,,,,,,,,,,,,,,,,,,,,,,,,,,,,,,,,,,,,,,,,,,,,,,,,,,,,,,,,
,,,,,,,,,,,,,,,,,,,,,,,,,,,,,,,,,,,,,,,,,,,,,,,,,,,,,,,,,,,,,,,,,,,,,,,,,,,,,,,,,,,,,,,,,,,,,,,,,,,,,,,,,,,,,,,,,,,,,,,,
,,,,,,,,,,,,,,,,,,,,,,,,,,,,,,,,,,,,,,,,,,,,,,,,,,,,,,,,,,,,,,,,,,,,,,,,,,,,,,,,,,,,,,,,,,,,,,,,,,,,,,,,,,,,,,,,,,,,,,,,
,,,,,,,,,,,,,,,,,,,,,,,,,,,,,,,,,,,,,,,,,,,,,,,,,,,,,,,,,,,,,,,,,,,,,,,,,,,,,,,,,,,,,,,,,,,,,,,,,,,,,,,,,,,,,,,,,,,,,,,,
,,,,,,,,,,,,,,,,,,,,,,,,,,,,,,,,,,,,,,,,,,,,,,,,,,,,,,,,,,,,,,,,,,,,,,,,,,,,,,,,,,,,,,,,,,,,,,,,,,,,,,,,,,,,,,,,,,,,,,,,
,,,,,,,,,,,,,,,,,,,,,,,,,,,,,,,,,,,,,,,,,,,,,,,,,,,,,,,,,,,,,,,,,,,,,,,,,,,,,,,,,,,,,,,,,,,,,,,,,,,,,,,,,,,,,,,,,,,,,,,,
,,,,,,,,,,,,,,,,,,,,,,,,,,,,,,,,,,,,,,,,,,,,,,,,,,,,,,,,,,,,,,,,,,,,,,,,,,,,,,,,,,,,,,,,,,,,,,,,,,,,,,,,,,,,,,,,,,,,,,,,
,,,,,,,,,,,,,,,,,,,,,,,,,,,,,,,,,,,,,,,,,,,,,,,,,,,,,,,,,,,,,,,,,,,,,,,,,,,,,,,,,,,,,,,,,,,,,,,,,,,,,,,,,,,,,,,,,,,,,,,,
,,,,,,,,,,,,,,,,,,,,,,,,,,,,,,,,,,,,,,,,,,,,,,,,,,,,,,,,,,,,,,,,,,,,,,,,,,,,,,,,,,,,,,,,,,,,,,,,,,,,,,,,,,,,,,,,,,,,,,,,
,,,,,,,,,,,,,,,,,,,,,,,,,,,,,,,,,,,,,,,,,,,,,,,,,,,,,,,,,,,,,,,,,,,,,,,,,,,,,,,,,,,,,,,,,,,,,,,,,,,,,,,,,,,,,,,,,,,,,,,,
,,,,,,,,,,,,,,,,,,,,,,,,,,,,,,,,,,,,,,,,,,,,,,,,,,,,,,,,,,,,,,,,,,,,,,,,,,,,,,,,,,,,,,,,,,,,,,,,,,,,,,,,,,,,,,,,,,,,,,,,
,,,,,,,,,,,,,,,,,,,,,,,,,,,,,,,,,,,,,,,,,,,,,,,,,,,,,,,,,,,,,,,,,,,,,,,,,,,,,,,,,,,,,,,,,,,,,,,,,,,,,,,,,,,,,,,,,,,,,,,,
,,,,,,,,,,,,,,,,,,,,,,,,,,,,,,,,,,,,,,,,,,,,,,,,,,,,,,,,,,,,,,,,,,,,,,,,,,,,,,,,,,,,,,,,,,,,,,,,,,,,,,,,,,,,,,,,,,,,,,,,
,,,,,,,,,,,,,,,,,,,,,,,,,,,,,,,,,,,,,,,,,,,,,,,,,,,,,,,,,,,,,,,,,,,,,,,,,,,,,,,,,,,,,,,,,,,,,,,,,,,,,,,,,,,,,,,,,,,,,,,,
,,,,,,,,,,,,,,,,,,,,,,,,,,,,,,,,,,,,,,,,,,,,,,,,,,,,,,,,,,,,,,,,,,,,,,,,,,,,,,,,,,,,,,,,,,,,,,,,,,,,,,,,,,,,,,,,,,,,,,,,
,,,,,,,,,,,,,,,,,,,,,,,,,,,,,,,,,,,,,,,,,,,,,,,,,,,,,,,,,,,,,,,,,,,,,,,,,,,,,,,,,,,,,,,,,,,,,,,,,,,,,,,,,,,,,,,,,,,,,,,,
,,,,,,,,,,,,,,,,,,,,,,,,,,,,,,,,,,,,,,,,,,,,,,,,,,,,,,,,,,,,,,,,,,,,,,,,,,,,,,,,,,,,,,,,,,,,,,,,,,,,,,,,,,,,,,,,,,,,,,,,
,,,,,,,,,,,,,,,,,,,,,,,,,,,,,,,,,,,,,,,,,,,,,,,,,,,,,,,,,,,,,,,,,,,,,,,,,,,,,,,,,,,,,,,,,,,,,,,,,,,,,,,,,,,,,,,,,,,,,,,,
,,,,,,,,,,,,,,,,,,,,,,,,,,,,,,,,,,,,,,,,,,,,,,,,,,,,,,,,,,,,,,,,,,,,,,,,,,,,,,,,,,,,,,,,,,,,,,,,,,,,,,,,,,,,,,,,,,,,,,,,
,,,,,,,,,,,,,,,,,,,,,,,,,,,,,,,,,,,,,,,,,,,,,,,,,,,,,,,,,,,,,,,,,,,,,,,,,,,,,,,,,,,,,,,,,,,,,,,,,,,,,,,,,,,,,,,,,,,,,,,,
,,,,,,,,,,,,,,,,,,,,,,,,,,,,,,,,,,,,,,,,,,,,,,,,,,,,,,,,,,,,,,,,,,,,,,,,,,,,,,,,,,,,,,,,,,,,,,,,,,,,,,,,,,,,,,,,,,,,,,,,
,,,,,,,,,,,,,,,,,,,,,,,,,,,,,,,,,,,,,,,,,,,,,,,,,,,,,,,,,,,,,,,,,,,,,,,,,,,,,,,,,,,,,,,,,,,,,,,,,,,,,,,,,,,,,,,,,,,,,,,,
,,,,,,,,,,,,,,,,,,,,,,,,,,,,,,,,,,,,,,,,,,,,,,,,,,,,,,,,,,,,,,,,,,,,,,,,,,,,,,,,,,,,,,,,,,,,,,,,,,,,,,,,,,,,,,,,,,,,,,,,
,,,,,,,,,,,,,,,,,,,,,,,,,,,,,,,,,,,,,,,,,,,,,,,,,,,,,,,,,,,,,,,,,,,,,,,,,,,,,,,,,,,,,,,,,,,,,,,,,,,,,,,,,,,,,,,,,,,,,,,,
,,,,,,,,,,,,,,,,,,,,,,,,,,,,,,,,,,,,,,,,,,,,,,,,,,,,,,,,,,,,,,,,,,,,,,,,,,,,,,,,,,,,,,,,,,,,,,,,,,,,,,,,,,,,,,,,,,,,,,,,
,笛,1.3,,,,,,,,,,,,,,,,,,,,,,,,,,,,,,,,,,,,,,,,,,,,,,,,,,,,,,,,,,,,,,,,,,,,,,,,,,,,,,,,,,,,,,,,,,,,,,,,,,,,,,,,,,,,,,,,,,,,,,
,伞Q,1.25,,,,,,,,,,,,,,,,,,,,,,,,,,,,,,,,,,,,,,,,,,,,,,,,,,,,,,,,,,,,,,,,,,,,,,,,,,,,,,,,,,,,,,,,,,,,,,,,,,,,,,,,,,,,,,,,,,,,,,
,伞派生,1.5,,,,,,,,,,,,,,,,,,,,,,,,,,,,,,,,,,,,,,,,,,,,,,,,,,,,,,,,,,,,,,,,,,,,,,,,,,,,,,,,,,,,,,,,,,,,,,,,,,,,,,,,,,,,,,,,,,,,,,
,丢伞,1.16,,,,,,,,,,,,,,,,,,,,,,,,,,,,,,,,,,,,,,,,,,,,,,,,,,,,,,,,,,,,,,,,,,,,,,,,,,,,,,,,,,,,,,,,,,,,,,,,,,,,,,,,,,,,,,,,,,,,,,
,扇～,1,,,,,,,,,,,,,,,,,,,,,,,,,,,,,,,,,,,,,,,,,,,,,,,,,,,,,,,,,,,,,,,,,,,,,,,,,,,,,,,,,,,,,,,,,,,,,,,,,,,,,,,,,,,,,,,,,,,,,,
,骑龙,2,,,,,,,,,,,,,,,,,,,,,,,,,,,,,,,,,,,,,,,,,,,,,,,,,,,,,,,,,,,,,,,,,,,,,,,,,,,,,,,,,,,,,,,,,,,,,,,,,,,,,,,,,,,,,,,,,,,,,,
,蛤蟆,2,,,,,,,,,,,,,,,,,,,,,,,,,,,,,,,,,,,,,,,,,,,,,,,,,,,,,,,,,,,,,,,,,,,,,,,,,,,,,,,,,,,,,,,,,,,,,,,,,,,,,,,,,,,,,,,,,,,,,,
,伞Q,1.25,,,,,,,,,,,,,,,,,,,,,,,,,,,,,,,,,,,,,,,,,,,,,,,,,,,,,,,,,,,,,,,,,,,,,,,,,,,,,,,,,,,,,,,,,,,,,,,,,,,,,,,,,,,,,,,,,,,,,,
,伞派生,1.5,,,,,,,,,,,,,,,,,,,,,,,,,,,,,,,,,,,,,,,,,,,,,,,,,,,,,,,,,,,,,,,,,,,,,,,,,,,,,,,,,,,,,,,,,,,,,,,,,,,,,,,,,,,,,,,,,,,,,,
,丢伞,1.16,,,,,,,,,,,,,,,,,,,,,,,,,,,,,,,,,,,,,,,,,,,,,,,,,,,,,,,,,,,,,,,,,,,,,,,,,,,,,,,,,,,,,,,,,,,,,,,,,,,,,,,,,,,,,,,,,,,,,,
,龙卷风,1.7,,,,,,,,,,,,,,,,,,,,,,,,,,,,,,,,,,,,,,,,,,,,,,,,,,,,,,,,,,,,,,,,,,,,,,,,,,,,,,,,,,,,,,,,,,,,,,,,,,,,,,,,,,,,,,,,,,,,,,
,风墙+派生,1.93,,,,,,,,,,,,,,,,,,,,,,,,,,,,,,,,,,,,,,,,,,,,,,,,,,,,,,,,,,,,,,,,,,,,,,,,,,,,,,,,,,,,,,,,,,,,,,,,,,,,,,,,,,,,,,,,,,,,,,
,龙卷风,1.7,,,,,,,,,,,,,,,,,,,,,,,,,,,,,,,,,,,,,,,,,,,,,,,,,,,,,,,,,,,,,,,,,,,,,,,,,,,,,,,,,,,,,,,,,,,,,,,,,,,,,,,,,,,,,,,,,,,,,,